participant.id_in_session,participant.code,participant.label,participant._is_bot,participant._index_in_pages,participant._max_page_index,participant._current_app_name,participant._current_page_name,participant.time_started_utc,participant.visited,participant.mturk_worker_id,participant.mturk_assignment_id,participant.payoff,participant.points,participant.first_income,participant.wait_page_arrival,participant.timeout_captcha,session.code,session.label,session.mturk_HITId,session.mturk_HITGroupId,session.comment,session.is_demo,session.config.participation_fee,session.config.name,session.config.real_world_currency_per_point,start_1.1.player.id_in_group,start_1.1.player.role,start_1.1.player.payoff,start_1.1.group.id_in_subsession,start_1.1.subsession.round_number,start.1.player.id_in_group,start.1.player.role,start.1.player.payoff,start.1.player.Instr1,start.1.player.Instr2,start.1.player.Instr3,start.1.player.Instr4,start.1.player.comp_clicks,start.1.group.id_in_subsession,start.1.subsession.round_number,start_cont.1.player.id_in_group,start_cont.1.player.role,start_cont.1.player.payoff,start_cont.1.player.Instr1,start_cont.1.player.Instr2,start_cont.1.player.Instr3,start_cont.1.player.Instr4,start_cont.1.player.comp_clicks,start_cont.1.player.position,start_cont.1.player.trying,start_cont.1.player.colour,start_cont.1.player.prolific_id,start_cont.1.group.id_in_subsession,start_cont.1.subsession.round_number,captcha_quiz_a.1.player.id_in_group,captcha_quiz_a.1.player.role,captcha_quiz_a.1.player.payoff,captcha_quiz_a.1.player.total_round_num,captcha_quiz_a.1.player.transcribed_text,captcha_quiz_a.1.player.cmp_dst,captcha_quiz_a.1.player.completed,captcha_quiz_a.1.player.num_rounds,captcha_quiz_a.1.group.id_in_subsession,captcha_quiz_a.1.group.total_round_num,captcha_quiz_a.1.subsession.round_number,captcha_quiz_a.1.subsession.total_round_num,captcha_quiz_a.2.player.id_in_group,captcha_quiz_a.2.player.role,captcha_quiz_a.2.player.payoff,captcha_quiz_a.2.player.total_round_num,captcha_quiz_a.2.player.transcribed_text,captcha_quiz_a.2.player.cmp_dst,captcha_quiz_a.2.player.completed,captcha_quiz_a.2.player.num_rounds,captcha_quiz_a.2.group.id_in_subsession,captcha_quiz_a.2.group.total_round_num,captcha_quiz_a.2.subsession.round_number,captcha_quiz_a.2.subsession.total_round_num,captcha_quiz_a.3.player.id_in_group,captcha_quiz_a.3.player.role,captcha_quiz_a.3.player.payoff,captcha_quiz_a.3.player.total_round_num,captcha_quiz_a.3.player.transcribed_text,captcha_quiz_a.3.player.cmp_dst,captcha_quiz_a.3.player.completed,captcha_quiz_a.3.player.num_rounds,captcha_quiz_a.3.group.id_in_subsession,captcha_quiz_a.3.group.total_round_num,captcha_quiz_a.3.subsession.round_number,captcha_quiz_a.3.subsession.total_round_num,captcha_quiz_a.4.player.id_in_group,captcha_quiz_a.4.player.role,captcha_quiz_a.4.player.payoff,captcha_quiz_a.4.player.total_round_num,captcha_quiz_a.4.player.transcribed_text,captcha_quiz_a.4.player.cmp_dst,captcha_quiz_a.4.player.completed,captcha_quiz_a.4.player.num_rounds,captcha_quiz_a.4.group.id_in_subsession,captcha_quiz_a.4.group.total_round_num,captcha_quiz_a.4.subsession.round_number,captcha_quiz_a.4.subsession.total_round_num,captcha_quiz_a.5.player.id_in_group,captcha_quiz_a.5.player.role,captcha_quiz_a.5.player.payoff,captcha_quiz_a.5.player.total_round_num,captcha_quiz_a.5.player.transcribed_text,captcha_quiz_a.5.player.cmp_dst,captcha_quiz_a.5.player.completed,captcha_quiz_a.5.player.num_rounds,captcha_quiz_a.5.group.id_in_subsession,captcha_quiz_a.5.group.total_round_num,captcha_quiz_a.5.subsession.round_number,captcha_quiz_a.5.subsession.total_round_num,captcha_quiz_a.6.player.id_in_group,captcha_quiz_a.6.player.role,captcha_quiz_a.6.player.payoff,captcha_quiz_a.6.player.total_round_num,captcha_quiz_a.6.player.transcribed_text,captcha_quiz_a.6.player.cmp_dst,captcha_quiz_a.6.player.completed,captcha_quiz_a.6.player.num_rounds,captcha_quiz_a.6.group.id_in_subsession,captcha_quiz_a.6.group.total_round_num,captcha_quiz_a.6.subsession.round_number,captcha_quiz_a.6.subsession.total_round_num,captcha_quiz_a.7.player.id_in_group,captcha_quiz_a.7.player.role,captcha_quiz_a.7.player.payoff,captcha_quiz_a.7.player.total_round_num,captcha_quiz_a.7.player.transcribed_text,captcha_quiz_a.7.player.cmp_dst,captcha_quiz_a.7.player.completed,captcha_quiz_a.7.player.num_rounds,captcha_quiz_a.7.group.id_in_subsession,captcha_quiz_a.7.group.total_round_num,captcha_quiz_a.7.subsession.round_number,captcha_quiz_a.7.subsession.total_round_num,captcha_quiz_a.8.player.id_in_group,captcha_quiz_a.8.player.role,captcha_quiz_a.8.player.payoff,captcha_quiz_a.8.player.total_round_num,captcha_quiz_a.8.player.transcribed_text,captcha_quiz_a.8.player.cmp_dst,captcha_quiz_a.8.player.completed,captcha_quiz_a.8.player.num_rounds,captcha_quiz_a.8.group.id_in_subsession,captcha_quiz_a.8.group.total_round_num,captcha_quiz_a.8.subsession.round_number,captcha_quiz_a.8.subsession.total_round_num,captcha_quiz_a.9.player.id_in_group,captcha_quiz_a.9.player.role,captcha_quiz_a.9.player.payoff,captcha_quiz_a.9.player.total_round_num,captcha_quiz_a.9.player.transcribed_text,captcha_quiz_a.9.player.cmp_dst,captcha_quiz_a.9.player.completed,captcha_quiz_a.9.player.num_rounds,captcha_quiz_a.9.group.id_in_subsession,captcha_quiz_a.9.group.total_round_num,captcha_quiz_a.9.subsession.round_number,captcha_quiz_a.9.subsession.total_round_num,captcha_quiz_a.10.player.id_in_group,captcha_quiz_a.10.player.role,captcha_quiz_a.10.player.payoff,captcha_quiz_a.10.player.total_round_num,captcha_quiz_a.10.player.transcribed_text,captcha_quiz_a.10.player.cmp_dst,captcha_quiz_a.10.player.completed,captcha_quiz_a.10.player.num_rounds,captcha_quiz_a.10.group.id_in_subsession,captcha_quiz_a.10.group.total_round_num,captcha_quiz_a.10.subsession.round_number,captcha_quiz_a.10.subsession.total_round_num,captcha_quiz_a.11.player.id_in_group,captcha_quiz_a.11.player.role,captcha_quiz_a.11.player.payoff,captcha_quiz_a.11.player.total_round_num,captcha_quiz_a.11.player.transcribed_text,captcha_quiz_a.11.player.cmp_dst,captcha_quiz_a.11.player.completed,captcha_quiz_a.11.player.num_rounds,captcha_quiz_a.11.group.id_in_subsession,captcha_quiz_a.11.group.total_round_num,captcha_quiz_a.11.subsession.round_number,captcha_quiz_a.11.subsession.total_round_num,captcha_quiz_a.12.player.id_in_group,captcha_quiz_a.12.player.role,captcha_quiz_a.12.player.payoff,captcha_quiz_a.12.player.total_round_num,captcha_quiz_a.12.player.transcribed_text,captcha_quiz_a.12.player.cmp_dst,captcha_quiz_a.12.player.completed,captcha_quiz_a.12.player.num_rounds,captcha_quiz_a.12.group.id_in_subsession,captcha_quiz_a.12.group.total_round_num,captcha_quiz_a.12.subsession.round_number,captcha_quiz_a.12.subsession.total_round_num,captcha_quiz_a.13.player.id_in_group,captcha_quiz_a.13.player.role,captcha_quiz_a.13.player.payoff,captcha_quiz_a.13.player.total_round_num,captcha_quiz_a.13.player.transcribed_text,captcha_quiz_a.13.player.cmp_dst,captcha_quiz_a.13.player.completed,captcha_quiz_a.13.player.num_rounds,captcha_quiz_a.13.group.id_in_subsession,captcha_quiz_a.13.group.total_round_num,captcha_quiz_a.13.subsession.round_number,captcha_quiz_a.13.subsession.total_round_num,captcha_quiz_a.14.player.id_in_group,captcha_quiz_a.14.player.role,captcha_quiz_a.14.player.payoff,captcha_quiz_a.14.player.total_round_num,captcha_quiz_a.14.player.transcribed_text,captcha_quiz_a.14.player.cmp_dst,captcha_quiz_a.14.player.completed,captcha_quiz_a.14.player.num_rounds,captcha_quiz_a.14.group.id_in_subsession,captcha_quiz_a.14.group.total_round_num,captcha_quiz_a.14.subsession.round_number,captcha_quiz_a.14.subsession.total_round_num,captcha_quiz_a.15.player.id_in_group,captcha_quiz_a.15.player.role,captcha_quiz_a.15.player.payoff,captcha_quiz_a.15.player.total_round_num,captcha_quiz_a.15.player.transcribed_text,captcha_quiz_a.15.player.cmp_dst,captcha_quiz_a.15.player.completed,captcha_quiz_a.15.player.num_rounds,captcha_quiz_a.15.group.id_in_subsession,captcha_quiz_a.15.group.total_round_num,captcha_quiz_a.15.subsession.round_number,captcha_quiz_a.15.subsession.total_round_num,captcha_quiz_a.16.player.id_in_group,captcha_quiz_a.16.player.role,captcha_quiz_a.16.player.payoff,captcha_quiz_a.16.player.total_round_num,captcha_quiz_a.16.player.transcribed_text,captcha_quiz_a.16.player.cmp_dst,captcha_quiz_a.16.player.completed,captcha_quiz_a.16.player.num_rounds,captcha_quiz_a.16.group.id_in_subsession,captcha_quiz_a.16.group.total_round_num,captcha_quiz_a.16.subsession.round_number,captcha_quiz_a.16.subsession.total_round_num,captcha_quiz_a.17.player.id_in_group,captcha_quiz_a.17.player.role,captcha_quiz_a.17.player.payoff,captcha_quiz_a.17.player.total_round_num,captcha_quiz_a.17.player.transcribed_text,captcha_quiz_a.17.player.cmp_dst,captcha_quiz_a.17.player.completed,captcha_quiz_a.17.player.num_rounds,captcha_quiz_a.17.group.id_in_subsession,captcha_quiz_a.17.group.total_round_num,captcha_quiz_a.17.subsession.round_number,captcha_quiz_a.17.subsession.total_round_num,captcha_quiz_a.18.player.id_in_group,captcha_quiz_a.18.player.role,captcha_quiz_a.18.player.payoff,captcha_quiz_a.18.player.total_round_num,captcha_quiz_a.18.player.transcribed_text,captcha_quiz_a.18.player.cmp_dst,captcha_quiz_a.18.player.completed,captcha_quiz_a.18.player.num_rounds,captcha_quiz_a.18.group.id_in_subsession,captcha_quiz_a.18.group.total_round_num,captcha_quiz_a.18.subsession.round_number,captcha_quiz_a.18.subsession.total_round_num,captcha_quiz_a.19.player.id_in_group,captcha_quiz_a.19.player.role,captcha_quiz_a.19.player.payoff,captcha_quiz_a.19.player.total_round_num,captcha_quiz_a.19.player.transcribed_text,captcha_quiz_a.19.player.cmp_dst,captcha_quiz_a.19.player.completed,captcha_quiz_a.19.player.num_rounds,captcha_quiz_a.19.group.id_in_subsession,captcha_quiz_a.19.group.total_round_num,captcha_quiz_a.19.subsession.round_number,captcha_quiz_a.19.subsession.total_round_num,captcha_quiz_a.20.player.id_in_group,captcha_quiz_a.20.player.role,captcha_quiz_a.20.player.payoff,captcha_quiz_a.20.player.total_round_num,captcha_quiz_a.20.player.transcribed_text,captcha_quiz_a.20.player.cmp_dst,captcha_quiz_a.20.player.completed,captcha_quiz_a.20.player.num_rounds,captcha_quiz_a.20.group.id_in_subsession,captcha_quiz_a.20.group.total_round_num,captcha_quiz_a.20.subsession.round_number,captcha_quiz_a.20.subsession.total_round_num,captcha_quiz_a.21.player.id_in_group,captcha_quiz_a.21.player.role,captcha_quiz_a.21.player.payoff,captcha_quiz_a.21.player.total_round_num,captcha_quiz_a.21.player.transcribed_text,captcha_quiz_a.21.player.cmp_dst,captcha_quiz_a.21.player.completed,captcha_quiz_a.21.player.num_rounds,captcha_quiz_a.21.group.id_in_subsession,captcha_quiz_a.21.group.total_round_num,captcha_quiz_a.21.subsession.round_number,captcha_quiz_a.21.subsession.total_round_num,captcha_quiz_a.22.player.id_in_group,captcha_quiz_a.22.player.role,captcha_quiz_a.22.player.payoff,captcha_quiz_a.22.player.total_round_num,captcha_quiz_a.22.player.transcribed_text,captcha_quiz_a.22.player.cmp_dst,captcha_quiz_a.22.player.completed,captcha_quiz_a.22.player.num_rounds,captcha_quiz_a.22.group.id_in_subsession,captcha_quiz_a.22.group.total_round_num,captcha_quiz_a.22.subsession.round_number,captcha_quiz_a.22.subsession.total_round_num,captcha_quiz_a.23.player.id_in_group,captcha_quiz_a.23.player.role,captcha_quiz_a.23.player.payoff,captcha_quiz_a.23.player.total_round_num,captcha_quiz_a.23.player.transcribed_text,captcha_quiz_a.23.player.cmp_dst,captcha_quiz_a.23.player.completed,captcha_quiz_a.23.player.num_rounds,captcha_quiz_a.23.group.id_in_subsession,captcha_quiz_a.23.group.total_round_num,captcha_quiz_a.23.subsession.round_number,captcha_quiz_a.23.subsession.total_round_num,captcha_quiz_a.24.player.id_in_group,captcha_quiz_a.24.player.role,captcha_quiz_a.24.player.payoff,captcha_quiz_a.24.player.total_round_num,captcha_quiz_a.24.player.transcribed_text,captcha_quiz_a.24.player.cmp_dst,captcha_quiz_a.24.player.completed,captcha_quiz_a.24.player.num_rounds,captcha_quiz_a.24.group.id_in_subsession,captcha_quiz_a.24.group.total_round_num,captcha_quiz_a.24.subsession.round_number,captcha_quiz_a.24.subsession.total_round_num,captcha_quiz_a.25.player.id_in_group,captcha_quiz_a.25.player.role,captcha_quiz_a.25.player.payoff,captcha_quiz_a.25.player.total_round_num,captcha_quiz_a.25.player.transcribed_text,captcha_quiz_a.25.player.cmp_dst,captcha_quiz_a.25.player.completed,captcha_quiz_a.25.player.num_rounds,captcha_quiz_a.25.group.id_in_subsession,captcha_quiz_a.25.group.total_round_num,captcha_quiz_a.25.subsession.round_number,captcha_quiz_a.25.subsession.total_round_num,captcha_quiz_a.26.player.id_in_group,captcha_quiz_a.26.player.role,captcha_quiz_a.26.player.payoff,captcha_quiz_a.26.player.total_round_num,captcha_quiz_a.26.player.transcribed_text,captcha_quiz_a.26.player.cmp_dst,captcha_quiz_a.26.player.completed,captcha_quiz_a.26.player.num_rounds,captcha_quiz_a.26.group.id_in_subsession,captcha_quiz_a.26.group.total_round_num,captcha_quiz_a.26.subsession.round_number,captcha_quiz_a.26.subsession.total_round_num,captcha_quiz_a.27.player.id_in_group,captcha_quiz_a.27.player.role,captcha_quiz_a.27.player.payoff,captcha_quiz_a.27.player.total_round_num,captcha_quiz_a.27.player.transcribed_text,captcha_quiz_a.27.player.cmp_dst,captcha_quiz_a.27.player.completed,captcha_quiz_a.27.player.num_rounds,captcha_quiz_a.27.group.id_in_subsession,captcha_quiz_a.27.group.total_round_num,captcha_quiz_a.27.subsession.round_number,captcha_quiz_a.27.subsession.total_round_num,captcha_quiz_a.28.player.id_in_group,captcha_quiz_a.28.player.role,captcha_quiz_a.28.player.payoff,captcha_quiz_a.28.player.total_round_num,captcha_quiz_a.28.player.transcribed_text,captcha_quiz_a.28.player.cmp_dst,captcha_quiz_a.28.player.completed,captcha_quiz_a.28.player.num_rounds,captcha_quiz_a.28.group.id_in_subsession,captcha_quiz_a.28.group.total_round_num,captcha_quiz_a.28.subsession.round_number,captcha_quiz_a.28.subsession.total_round_num,captcha_quiz_a.29.player.id_in_group,captcha_quiz_a.29.player.role,captcha_quiz_a.29.player.payoff,captcha_quiz_a.29.player.total_round_num,captcha_quiz_a.29.player.transcribed_text,captcha_quiz_a.29.player.cmp_dst,captcha_quiz_a.29.player.completed,captcha_quiz_a.29.player.num_rounds,captcha_quiz_a.29.group.id_in_subsession,captcha_quiz_a.29.group.total_round_num,captcha_quiz_a.29.subsession.round_number,captcha_quiz_a.29.subsession.total_round_num,captcha_quiz_a.30.player.id_in_group,captcha_quiz_a.30.player.role,captcha_quiz_a.30.player.payoff,captcha_quiz_a.30.player.total_round_num,captcha_quiz_a.30.player.transcribed_text,captcha_quiz_a.30.player.cmp_dst,captcha_quiz_a.30.player.completed,captcha_quiz_a.30.player.num_rounds,captcha_quiz_a.30.group.id_in_subsession,captcha_quiz_a.30.group.total_round_num,captcha_quiz_a.30.subsession.round_number,captcha_quiz_a.30.subsession.total_round_num,exclusion.1.player.id_in_group,exclusion.1.player.role,exclusion.1.player.payoff,exclusion.1.player.points,exclusion.1.player.payoff2,exclusion.1.player.first_benef,exclusion.1.player.P1_initial,exclusion.1.player.P2_initial,exclusion.1.player.P3_initial,exclusion.1.player.P4_initial,exclusion.1.player.P1_luck,exclusion.1.player.P2_luck,exclusion.1.player.P3_luck,exclusion.1.player.P4_luck,exclusion.1.player.first_income,exclusion.1.player.exclusion,exclusion.1.player.inclusion,exclusion.1.player.own_team,exclusion.1.player.other_team,exclusion.1.player.fair,exclusion.1.player.fair_benef,exclusion.1.player.fair_benef_own,exclusion.1.player.fair_benef_other,exclusion.1.player.rejected,exclusion.1.player.happy,exclusion.1.player.well_being,exclusion.1.player.colour,exclusion.1.player.position,exclusion.1.player.luck,exclusion.1.player.initial,exclusion.1.player.first_role,exclusion.1.group.id_in_subsession,exclusion.1.group.P1_1,exclusion.1.group.P2_1,exclusion.1.group.P3_1,exclusion.1.group.P4_1,exclusion.1.group.benef_2,exclusion.1.group.P1_2,exclusion.1.group.P2_2,exclusion.1.group.P3_2,exclusion.1.group.P4_2,exclusion.1.group.benef_3,exclusion.1.group.P1_3,exclusion.1.group.P2_3,exclusion.1.group.P3_3,exclusion.1.group.P4_3,exclusion.1.group.benef_4,exclusion.1.group.P1_4,exclusion.1.group.P2_4,exclusion.1.group.P3_4,exclusion.1.group.P4_4,exclusion.1.group.benef_5,exclusion.1.group.P1_5,exclusion.1.group.P2_5,exclusion.1.group.P3_5,exclusion.1.group.P4_5,exclusion.1.group.benef_6,exclusion.1.group.P1_6,exclusion.1.group.P2_6,exclusion.1.group.P3_6,exclusion.1.group.P4_6,exclusion.1.group.benef_7,exclusion.1.group.P1_7,exclusion.1.group.P2_7,exclusion.1.group.P3_7,exclusion.1.group.P4_7,exclusion.1.group.benef_8,exclusion.1.group.P1_8,exclusion.1.group.P2_8,exclusion.1.group.P3_8,exclusion.1.group.P4_8,exclusion.1.group.benef_9,exclusion.1.group.P1_9,exclusion.1.group.P2_9,exclusion.1.group.P3_9,exclusion.1.group.P4_9,exclusion.1.group.benef_10,exclusion.1.group.P1_10,exclusion.1.group.P2_10,exclusion.1.group.P3_10,exclusion.1.group.P4_10,exclusion.1.group.benef_11,exclusion.1.group.P1_11,exclusion.1.group.P2_11,exclusion.1.group.P3_11,exclusion.1.group.P4_11,exclusion.1.group.benef_12,exclusion.1.group.P1_12,exclusion.1.group.P2_12,exclusion.1.group.P3_12,exclusion.1.group.P4_12,exclusion.1.group.benef_13,exclusion.1.group.P1_13,exclusion.1.group.P2_13,exclusion.1.group.P3_13,exclusion.1.group.P4_13,exclusion.1.group.benef_14,exclusion.1.group.P1_14,exclusion.1.group.P2_14,exclusion.1.group.P3_14,exclusion.1.group.P4_14,exclusion.1.group.benef_15,exclusion.1.group.P1_15,exclusion.1.group.P2_15,exclusion.1.group.P3_15,exclusion.1.group.P4_15,exclusion.1.group.benef_16,exclusion.1.group.P1_16,exclusion.1.group.P2_16,exclusion.1.group.P3_16,exclusion.1.group.P4_16,exclusion.1.group.benef_17,exclusion.1.group.P1_17,exclusion.1.group.P2_17,exclusion.1.group.P3_17,exclusion.1.group.P4_17,exclusion.1.group.benef_18,exclusion.1.group.P1_18,exclusion.1.group.P2_18,exclusion.1.group.P3_18,exclusion.1.group.P4_18,exclusion.1.group.benef_19,exclusion.1.group.P1_19,exclusion.1.group.P2_19,exclusion.1.group.P3_19,exclusion.1.group.P4_19,exclusion.1.group.benef_20,exclusion.1.subsession.round_number,dictator.1.player.id_in_group,dictator.1.player.role,dictator.1.player.payoff,dictator.1.player.payoff1,dictator.1.player.points,dictator.1.player.first_income,dictator.1.player.payoffin,dictator.1.player.send_proxy,dictator.1.player.easy,dictator.1.player.comments,dictator.1.player.age,dictator.1.player.gender,dictator.1.player.edu,dictator.1.group.id_in_subsession,dictator.1.group.sent,dictator.1.subsession.round_number,solo.1.player.id_in_group,solo.1.player.role,solo.1.player.payoff,solo.1.group.id_in_subsession,solo.1.subsession.round_number
1,b5eh329j,616319197a2844cc7ffbcd76,0,116,117,dictator,survey_end,2022-01-21 19:23:37.035184,1,,,0.0,18.0,0.0,1642793027.799504,1642793470.5425043,s212bl11,,,,,0,1.0,exclusion,0.1,1,,0.0,1,1,2,,0.0,,,,,,2,1,1,,0.0,2,1,2,1,1,,,,616319197a2844cc7ffbcd76,1,1,1,,0.0,,W93BX,0,0,0,1,,1,,1,,0.0,,JA3V8,0,0,0,1,,2,,1,,0.0,,RBSKW,0,0,0,1,,3,,1,,0.0,,HJ9PV,0,0,0,1,,4,,1,,0.0,,TSMS9,0,0,0,1,,5,,1,,0.0,,459CT,0,0,0,1,,6,,1,,0.0,,R84CH,0,0,0,1,,7,,1,,0.0,,D4TSH,0,0,0,1,,8,,1,,0.0,,3M56R,0,0,0,1,,9,,1,,0.0,,HAPK3,0,0,0,1,,10,,1,,0.0,,VSJS,0,0,0,1,,11,,1,,0.0,,CJR69H,0,0,0,1,,12,,1,,0.0,,YBJWY,0,0,0,1,,13,,1,,0.0,,BD8W,0,0,0,1,,14,,1,,0.0,,ARKUH,0,0,0,1,,15,,1,,0.0,,PRRCBU,0,0,0,1,,16,,1,,0.0,,WPVA,0,0,0,1,,17,,1,,0.0,,VEHKX,0,0,0,1,,18,,1,,0.0,,5UDWEJ,0,0,0,1,,19,,1,,0.0,,5RRT9R,0,0,0,1,,20,,1,,0.0,,8NWTTS,0,0,0,1,,21,,1,,0.0,,CSBHT,0,0,0,1,,22,,1,,0.0,,U5BS89,0,0,0,1,,23,,1,,0.0,,KR9RY,0,0,0,1,,24,,1,,0.0,,WNW6,0,0,0,1,,25,,1,,0.0,,TYXXWS,0,0,0,1,,26,,1,,0.0,,SRXK,0,0,0,1,,27,,1,,0.0,,36HX,0,0,0,1,,28,,1,,0.0,,KVW34,0,0,0,1,,29,,1,,0.0,,SE9K,0,0,0,1,,30,,1,,0.0,18.0,,4,0,0,0,2,,,,,0.0,1,4,,,3,3,3,2,4,8,6,Green,Non-beneficiary,,,,1,0,1,0,0,2,1,0,0,0,1,0,0,1,0,3,1,0,0,0,1,0,0,1,0,3,1,0,0,0,1,0,0,1,0,3,1,0,0,0,1,0,0,1,0,3,1,0,0,0,1,0,0,1,0,3,1,0,0,0,1,0,0,1,0,3,1,0,0,0,1,0,0,1,0,3,1,0,0,0,1,0,0,1,0,3,1,0,0,0,1,0,0,1,0,3,1,1,,0.0,6,,,,,,,,,,4,4,1,1,,0.0,1,1
2,9cut4edv,5bb3afc465f24700015d5aab,0,116,117,dictator,survey_end,2022-01-21 19:23:46.523354,1,,,0.0,2.0,0.0,1642793031.8000832,1642793479.854845,s212bl11,,,,,0,1.0,exclusion,0.1,2,,0.0,1,1,1,,0.0,,,,,,2,1,2,,0.0,2,1,2,1,1,,,,5bb3afc465f24700015d5aab,1,1,2,,0.0,,W93BX,0,0,0,1,,1,,2,,0.0,,JA3V8,0,0,0,1,,2,,2,,0.0,,RBSKW,0,0,0,1,,3,,2,,0.0,,HJ9PV,0,0,0,1,,4,,2,,0.0,,TSMS9,0,0,0,1,,5,,2,,0.0,,459CT,0,0,0,1,,6,,2,,0.0,,R84CH,0,0,0,1,,7,,2,,0.0,,D4TSH,0,0,0,1,,8,,2,,0.0,,3M56R,0,0,0,1,,9,,2,,0.0,,HAPK3,0,0,0,1,,10,,2,,0.0,,VSJS,0,0,0,1,,11,,2,,0.0,,CJR69H,0,0,0,1,,12,,2,,0.0,,YBJWY,0,0,0,1,,13,,2,,0.0,,BD8W,0,0,0,1,,14,,2,,0.0,,ARKUH,0,0,0,1,,15,,2,,0.0,,PRRCBU,0,0,0,1,,16,,2,,0.0,,WPVA,0,0,0,1,,17,,2,,0.0,,VEHKX,0,0,0,1,,18,,2,,0.0,,5UDWEJ,0,0,0,1,,19,,2,,0.0,,5RRT9R,0,0,0,1,,20,,2,,0.0,,8NWTTS,0,0,0,1,,21,,2,,0.0,,CSBHT,0,0,0,1,,22,,2,,0.0,,U5BS89,0,0,0,1,,23,,2,,0.0,,KR9RY,0,0,0,1,,24,,2,,0.0,,WNW6,0,0,0,1,,25,,2,,0.0,,TYXXWS,0,0,0,1,,26,,2,,0.0,,SRXK,0,0,0,1,,27,,2,,0.0,,36HX,0,0,0,1,,28,,2,,0.0,,KVW34,0,0,0,1,,29,,2,,0.0,,SE9K,0,0,0,1,,30,,2,,0.0,2.0,,4,0,0,0,2,,,,,0.0,5,1,,,4,4,3,3,2,7,5,Purple,Non-beneficiary,,,,1,0,1,0,0,2,1,0,0,0,1,0,0,1,0,3,1,0,0,0,1,0,0,1,0,3,1,0,0,0,1,0,0,1,0,3,1,0,0,0,1,0,0,1,0,3,1,0,0,0,1,0,0,1,0,3,1,0,0,0,1,0,0,1,0,3,1,0,0,0,1,0,0,1,0,3,1,0,0,0,1,0,0,1,0,3,1,0,0,0,1,0,0,1,0,3,1,2,,0.0,4,,,,5,,,,,,4,4,1,2,,0.0,1,1
3,sjelrbgh,5f536bf48647e367a4653085,0,114,117,dictator,Wait_start,2022-01-21 19:24:42.593924,1,,,0.0,18.0,0.0,1642793088.5975506,1642793449.1853838,s212bl11,,,,,0,1.0,exclusion,0.1,3,,0.0,1,1,3,,0.0,,,,,,2,1,3,,0.0,2,1,2,1,1,,,,5f536bf48647e367a4653085,1,1,3,,0.0,,W93BX,0,0,0,1,,1,,3,,0.0,,JA3V8,0,0,0,1,,2,,3,,0.0,,RBSKW,0,0,0,1,,3,,3,,0.0,,HJ9PV,0,0,0,1,,4,,3,,0.0,,TSMS9,0,0,0,1,,5,,3,,0.0,,459CT,0,0,0,1,,6,,3,,0.0,,R84CH,0,0,0,1,,7,,3,,0.0,,D4TSH,0,0,0,1,,8,,3,,0.0,,3M56R,0,0,0,1,,9,,3,,0.0,,HAPK3,0,0,0,1,,10,,3,,0.0,,VSJS,0,0,0,1,,11,,3,,0.0,,CJR69H,0,0,0,1,,12,,3,,0.0,,YBJWY,0,0,0,1,,13,,3,,0.0,,BD8W,0,0,0,1,,14,,3,,0.0,,ARKUH,0,0,0,1,,15,,3,,0.0,,PRRCBU,0,0,0,1,,16,,3,,0.0,,WPVA,0,0,0,1,,17,,3,,0.0,,VEHKX,0,0,0,1,,18,,3,,0.0,,5UDWEJ,0,0,0,1,,19,,3,,0.0,,5RRT9R,0,0,0,1,,20,,3,,0.0,,8NWTTS,0,0,0,1,,21,,3,,0.0,,CSBHT,0,0,0,1,,22,,3,,0.0,,U5BS89,0,0,0,1,,23,,3,,0.0,,KR9RY,0,0,0,1,,24,,3,,0.0,,WNW6,0,0,0,1,,25,,3,,0.0,,TYXXWS,0,0,0,1,,26,,3,,0.0,,SRXK,0,0,0,1,,27,,3,,0.0,,,,0,0,1,,28,,3,,0.0,,,,0,0,1,,29,,3,,0.0,,,,0,0,1,,30,,3,,0.0,18.0,,4,0,0,0,2,,,,,0.0,1,5,,,2,1,2,5,4,7,9,Green,Non-beneficiary,,,,1,0,1,0,0,2,1,0,0,0,1,0,0,1,0,3,1,0,0,0,1,0,0,1,0,3,1,0,0,0,1,0,0,1,0,3,1,0,0,0,1,0,0,1,0,3,1,0,0,0,1,0,0,1,0,3,1,0,0,0,1,0,0,1,0,3,1,0,0,0,1,0,0,1,0,3,1,0,0,0,1,0,0,1,0,3,1,0,0,0,1,0,0,1,0,3,1,2,,0.0,,,,,0,,,,,,12,,1,3,,0.0,1,1
4,vv8gyox1,60c114f1542c86cb1e3e7c86,0,109,117,exclusion,Results,2022-01-21 19:25:12.259049,1,,,0.0,,,1642793119.880239,1642793590.3141177,s212bl11,,,,,0,1.0,exclusion,0.1,4,,0.0,1,1,4,,0.0,,,,,,2,1,4,,0.0,2,1,2,1,1,,,,60c114f1542c86cb1e3e7c86,1,1,4,,0.0,,W93BX,0,0,0,1,,1,,4,,0.0,,JA3V8,0,0,0,1,,2,,4,,0.0,,RBSKW,0,0,0,1,,3,,4,,0.0,,HJ9PV,0,0,0,1,,4,,4,,0.0,,TSMS9,0,0,0,1,,5,,4,,0.0,,459CT,0,0,0,1,,6,,4,,0.0,,R84CH,0,0,0,1,,7,,4,,0.0,,D4TSH,0,0,0,1,,8,,4,,0.0,,3M56R,0,0,0,1,,9,,4,,0.0,,HAPK3,0,0,0,1,,10,,4,,0.0,,VSJS,0,0,0,1,,11,,4,,0.0,,CJR69H,0,0,0,1,,12,,4,,0.0,,YBJWY,0,0,0,1,,13,,4,,0.0,,BD8W,0,0,0,1,,14,,4,,0.0,,ARKUH,0,0,0,1,,15,,4,,0.0,,PRRCBU,0,0,0,1,,16,,4,,0.0,,WPVA,0,0,0,1,,17,,4,,0.0,,VEHKX,0,0,0,1,,18,,4,,0.0,,5UDWEJ,0,0,0,1,,19,,4,,0.0,,5RRT9R,0,0,0,1,,20,,4,,0.0,,8NWTTS,0,0,0,1,,21,,4,,0.0,,CSBHT,0,0,0,1,,22,,4,,0.0,,U5BS89,0,0,0,1,,23,,4,,0.0,,KR9RY,0,0,0,1,,24,,4,,0.0,,WNW6,0,0,0,1,,25,,4,,0.0,,TYXXWS,0,0,0,1,,26,,4,,0.0,,SRXK,0,0,0,1,,27,,4,,0.0,,36HX,0,0,0,1,,28,,4,,0.0,,KVW34,0,0,0,1,,29,,4,,0.0,,SE9K,0,0,0,1,,30,,4,,0.0,0.0,,4,0,0,0,2,,,,,1.0,,,,,,,,,,,,Purple,Beneficiary,,,,1,0,1,0,0,2,1,0,0,0,1,0,0,1,0,3,1,0,0,0,1,0,0,1,0,3,1,0,0,0,1,0,0,1,0,3,1,0,0,0,1,0,0,1,0,3,1,0,0,0,1,0,0,1,0,3,1,0,0,0,1,0,0,1,0,3,1,0,0,0,1,0,0,1,0,3,1,0,0,0,1,0,0,1,0,3,1,0,0,0,1,0,0,1,0,3,1,1,,0.0,,,,,,,,,,,6,,1,4,,0.0,1,1
5,68go05re,5eab8aaadf23cb170f52e0cc,0,116,117,dictator,survey_end,2022-01-21 19:25:21.267116,1,,,0.0,10.0,0.0,1642793129.5675027,1642793596.15104,s212bl11,,,,,0,1.0,exclusion,0.1,5,,0.0,1,1,2,,0.0,,,,,,3,1,1,,0.0,2,1,2,1,1,,,,5eab8aaadf23cb170f52e0cc,2,1,1,,0.0,,W93BX,0,0,0,2,,1,,1,,0.0,,JA3V8,0,0,0,2,,2,,1,,0.0,,RBSKW,0,0,0,2,,3,,1,,0.0,,HJ9PV,0,0,0,2,,4,,1,,0.0,,TSMS9,0,0,0,2,,5,,1,,0.0,,459CT,0,0,0,2,,6,,1,,0.0,,R84CH,0,0,0,2,,7,,1,,0.0,,D4TSH,0,0,0,2,,8,,1,,0.0,,3M56R,0,0,0,2,,9,,1,,0.0,,HAPK3,0,0,0,2,,10,,1,,0.0,,VSJS,0,0,0,2,,11,,1,,0.0,,CJR69H,0,0,0,2,,12,,1,,0.0,,YBJWY,0,0,0,2,,13,,1,,0.0,,BD8W,0,0,0,2,,14,,1,,0.0,,ARKUH,0,0,0,2,,15,,1,,0.0,,PRRCBU,0,0,0,2,,16,,1,,0.0,,WPVA,0,0,0,2,,17,,1,,0.0,,VEHKX,0,0,0,2,,18,,1,,0.0,,5UDWEJ,0,0,0,2,,19,,1,,0.0,,5RRT9R,0,0,0,2,,20,,1,,0.0,,8NWTTS,0,0,0,2,,21,,1,,0.0,,CSBHT,0,0,0,2,,22,,1,,0.0,,U5BS89,0,0,0,2,,23,,1,,0.0,,KR9RY,0,0,0,2,,24,,1,,0.0,,WNW6,0,0,0,2,,25,,1,,0.0,,TYXXWS,0,0,0,2,,26,,1,,0.0,,SRXK,0,0,0,2,,27,,1,,0.0,,36HX,0,0,0,2,,28,,1,,0.0,,KVW34,0,0,0,2,,29,,1,,0.0,,SE9K,0,0,0,2,,30,,1,,0.0,10.0,,3,0,0,2,0,,,,,0.0,2,5,,,5,4,4,4,5,5,5,Green,Non-beneficiary,,,,2,1,0,0,0,1,0,1,0,0,2,0,0,1,0,3,0,0,0,1,4,0,1,0,0,2,0,0,0,1,4,1,0,0,0,1,0,0,0,1,4,0,1,0,0,2,1,0,0,0,1,0,1,0,0,2,0,0,1,0,3,1,0,0,0,1,0,0,1,0,3,0,0,0,1,4,1,0,0,0,1,0,0,0,1,4,0,1,0,0,2,0,0,1,0,3,1,1,,0.0,10,,,,,,,,,,3,0,1,5,,0.0,1,1
6,nfjhg2pg,5978d7a730b1d90001f5da51,0,114,117,dictator,Wait_start,2022-01-21 19:25:32.021447,1,,,0.0,10.0,0.0,1642793134.4760194,1642793598.785121,s212bl11,,,,,0,1.0,exclusion,0.1,6,,0.0,1,1,1,,0.0,,,,,,3,1,2,,0.0,2,1,2,1,1,,,,5978d7a730b1d90001f5da51,2,1,2,,0.0,,W93BX,0,0,0,2,,1,,2,,0.0,,JA3V8,0,0,0,2,,2,,2,,0.0,,RBSKW,0,0,0,2,,3,,2,,0.0,,HJ9PV,0,0,0,2,,4,,2,,0.0,,TSMS9,0,0,0,2,,5,,2,,0.0,,459CT,0,0,0,2,,6,,2,,0.0,,R84CH,0,0,0,2,,7,,2,,0.0,,D4TSH,0,0,0,2,,8,,2,,0.0,,3M56R,0,0,0,2,,9,,2,,0.0,,HAPK3,0,0,0,2,,10,,2,,0.0,,VSJS,0,0,0,2,,11,,2,,0.0,,CJR69H,0,0,0,2,,12,,2,,0.0,,YBJWY,0,0,0,2,,13,,2,,0.0,,BD8W,0,0,0,2,,14,,2,,0.0,,ARKUH,0,0,0,2,,15,,2,,0.0,,PRRCBU,0,0,0,2,,16,,2,,0.0,,WPVA,0,0,0,2,,17,,2,,0.0,,VEHKX,0,0,0,2,,18,,2,,0.0,,5UDWEJ,0,0,0,2,,19,,2,,0.0,,5RRT9R,0,0,0,2,,20,,2,,0.0,,8NWTTS,0,0,0,2,,21,,2,,0.0,,,,0,0,2,,22,,2,,0.0,,,,0,0,2,,23,,2,,0.0,,,,0,0,2,,24,,2,,0.0,,,,0,0,2,,25,,2,,0.0,,,,0,0,2,,26,,2,,0.0,,,,0,0,2,,27,,2,,0.0,,,,0,0,2,,28,,2,,0.0,,,,0,0,2,,29,,2,,0.0,,,,0,0,2,,30,,2,,0.0,10.0,,3,0,0,2,0,,,,,0.0,2,4,,,4,4,4,5,4,9,4,Purple,Non-beneficiary,,,,2,1,0,0,0,1,0,1,0,0,2,0,0,1,0,3,0,0,0,1,4,0,1,0,0,2,0,0,0,1,4,1,0,0,0,1,0,0,0,1,4,0,1,0,0,2,1,0,0,0,1,0,1,0,0,2,0,0,1,0,3,1,0,0,0,1,0,0,1,0,3,0,0,0,1,4,1,0,0,0,1,0,0,0,1,4,0,1,0,0,2,0,0,1,0,3,1,2,,0.0,,,,,5,,,,,,1,,1,6,,0.0,1,1
7,xx8qrfep,6116c7f0c5d868979f7f92f3,0,116,117,dictator,survey_end,2022-01-21 19:26:32.585950,1,,,0.0,8.0,1.0,1642793202.3438237,1642793613.9584537,s212bl11,,,,,0,1.0,exclusion,0.1,7,,0.0,1,1,3,,0.0,,,,,,3,1,3,,0.0,2,1,2,1,1,,,,6116c7f0c5d868979f7f92f3,2,1,3,,0.0,,W93BX,0,0,0,2,,1,,3,,0.0,,JA3V8,0,0,0,2,,2,,3,,0.0,,RBSKW,0,0,0,2,,3,,3,,0.0,,HJ9PV,0,0,0,2,,4,,3,,0.0,,TSMS9,0,0,0,2,,5,,3,,0.0,,459CT,0,0,0,2,,6,,3,,0.0,,R84CH,0,0,0,2,,7,,3,,0.0,,D4TSH,0,0,0,2,,8,,3,,0.0,,3M56R,0,0,0,2,,9,,3,,0.0,,HAPK3,0,0,0,2,,10,,3,,0.0,,,,0,0,2,,11,,3,,0.0,,,,0,0,2,,12,,3,,0.0,,,,0,0,2,,13,,3,,0.0,,,,0,0,2,,14,,3,,0.0,,,,0,0,2,,15,,3,,0.0,,,,0,0,2,,16,,3,,0.0,,,,0,0,2,,17,,3,,0.0,,,,0,0,2,,18,,3,,0.0,,,,0,0,2,,19,,3,,0.0,,,,0,0,2,,20,,3,,0.0,,,,0,0,2,,21,,3,,0.0,,,,0,0,2,,22,,3,,0.0,,,,0,0,2,,23,,3,,0.0,,,,0,0,2,,24,,3,,0.0,,,,0,0,2,,25,,3,,0.0,,,,0,0,2,,26,,3,,0.0,,,,0,0,2,,27,,3,,0.0,,,,0,0,2,,28,,3,,0.0,,,,0,0,2,,29,,3,,0.0,,,,0,0,2,,30,,3,,0.0,8.0,,3,0,0,2,0,,,,,1.0,2,4,,,5,5,4,4,4,8,6,Green,Beneficiary,,,,2,1,0,0,0,1,0,1,0,0,2,0,0,1,0,3,0,0,0,1,4,0,1,0,0,2,0,0,0,1,4,1,0,0,0,1,0,0,0,1,4,0,1,0,0,2,1,0,0,0,1,0,1,0,0,2,0,0,1,0,3,1,0,0,0,1,0,0,1,0,3,0,0,0,1,4,1,0,0,0,1,0,0,0,1,4,0,1,0,0,2,0,0,1,0,3,1,2,,0.0,0,,,,5,,,,,,3,0,1,7,,0.0,1,1
8,huygsgk8,57cd92663be60c00010155a8,0,114,117,dictator,Wait_start,2022-01-21 19:27:52.746729,1,,,0.0,10.0,0.0,1642793279.7937193,1642793687.8144326,s212bl11,,,,,0,1.0,exclusion,0.1,8,,0.0,1,1,2,,0.0,,,,,,4,1,4,,0.0,2,1,2,1,1,,,,57cd92663be60c00010155a8,2,1,4,,0.0,,W93BX,0,0,0,2,,1,,4,,0.0,,JA3V8,0,0,0,2,,2,,4,,0.0,,RBSKW,0,0,0,2,,3,,4,,0.0,,HJ9PV,0,0,0,2,,4,,4,,0.0,,TSMS9,0,0,0,2,,5,,4,,0.0,,459CT,0,0,0,2,,6,,4,,0.0,,R84CH,0,0,0,2,,7,,4,,0.0,,D4TSH,0,0,0,2,,8,,4,,0.0,,3M56R,0,0,0,2,,9,,4,,0.0,,HAPK3,0,0,0,2,,10,,4,,0.0,,VSJS,0,0,0,2,,11,,4,,0.0,,CJR69H,0,0,0,2,,12,,4,,0.0,,YBJWY,0,0,0,2,,13,,4,,0.0,,BD8W,0,0,0,2,,14,,4,,0.0,,ARKUH,0,0,0,2,,15,,4,,0.0,,PRRCBU,0,0,0,2,,16,,4,,0.0,,WPVA,0,0,0,2,,17,,4,,0.0,,VEHKX,0,0,0,2,,18,,4,,0.0,,5UDWEJ,0,0,0,2,,19,,4,,0.0,,5RRT9R,0,0,0,2,,20,,4,,0.0,,8NWTTS,0,0,0,2,,21,,4,,0.0,,CSBHT,0,0,0,2,,22,,4,,0.0,,U5BS89,0,0,0,2,,23,,4,,0.0,,KR9RY,0,0,0,2,,24,,4,,0.0,,WNW6,0,0,0,2,,25,,4,,0.0,,TYXXWS,0,0,0,2,,26,,4,,0.0,,SRXK,0,0,0,2,,27,,4,,0.0,,36HX,0,0,0,2,,28,,4,,0.0,,KVW34,0,0,0,2,,29,,4,,0.0,,SE9K,0,0,0,2,,30,,4,,0.0,10.0,,3,0,0,2,0,,,,,0.0,1,5,,,5,4,4,4,5,8,5,Purple,Non-beneficiary,,,,2,1,0,0,0,1,0,1,0,0,2,0,0,1,0,3,0,0,0,1,4,0,1,0,0,2,0,0,0,1,4,1,0,0,0,1,0,0,0,1,4,0,1,0,0,2,1,0,0,0,1,0,1,0,0,2,0,0,1,0,3,1,0,0,0,1,0,0,1,0,3,0,0,0,1,4,1,0,0,0,1,0,0,0,1,4,0,1,0,0,2,0,0,1,0,3,1,2,,0.0,,,,,5,,,,,,11,,1,8,,0.0,1,1
9,lhgx8iae,5967f9509febf80001d538a7,0,5,117,start_cont,comprehension_test,2022-01-21 19:27:54.502054,1,,,0.0,,,1642793279.4240582,,s212bl11,,,,,0,1.0,exclusion,0.1,9,,0.0,1,1,4,,0.0,,,,,,3,1,1,,0.0,,,,,,,,,5967f9509febf80001d538a7,3,1,1,,0.0,,,,0,0,3,,1,,1,,0.0,,,,0,0,3,,2,,1,,0.0,,,,0,0,3,,3,,1,,0.0,,,,0,0,3,,4,,1,,0.0,,,,0,0,3,,5,,1,,0.0,,,,0,0,3,,6,,1,,0.0,,,,0,0,3,,7,,1,,0.0,,,,0,0,3,,8,,1,,0.0,,,,0,0,3,,9,,1,,0.0,,,,0,0,3,,10,,1,,0.0,,,,0,0,3,,11,,1,,0.0,,,,0,0,3,,12,,1,,0.0,,,,0,0,3,,13,,1,,0.0,,,,0,0,3,,14,,1,,0.0,,,,0,0,3,,15,,1,,0.0,,,,0,0,3,,16,,1,,0.0,,,,0,0,3,,17,,1,,0.0,,,,0,0,3,,18,,1,,0.0,,,,0,0,3,,19,,1,,0.0,,,,0,0,3,,20,,1,,0.0,,,,0,0,3,,21,,1,,0.0,,,,0,0,3,,22,,1,,0.0,,,,0,0,3,,23,,1,,0.0,,,,0,0,3,,24,,1,,0.0,,,,0,0,3,,25,,1,,0.0,,,,0,0,3,,26,,1,,0.0,,,,0,0,3,,27,,1,,0.0,,,,0,0,3,,28,,1,,0.0,,,,0,0,3,,29,,1,,0.0,,,,0,0,3,,30,,1,,0.0,,,4,0,0,0,2,,,,,0.0,,,,,,,,,,,,Green,Non-beneficiary,,,,3,,,,,,,,,,,,,,,,,,,,,,,,,,,,,,,,,,,,,,,,,,,,,,,,,,,,,,,,,,,,,,,,,,,,,,,,,,,,,,,,,,,,,,,,,,,,,,,,1,2,,0.0,,,,,,,,,,,6,,1,9,,0.0,1,1
10,ke0y8w14,60e209cd7785bcbac48154ef,0,3,117,start_cont,MyPage,2022-01-21 19:28:14.489103,1,,,0.0,,,1642793303.6394675,,s212bl11,,,,,0,1.0,exclusion,0.1,10,,0.0,1,1,3,,0.0,,,,,,4,1,2,,0.0,,,,,,,,, ,3,1,2,,0.0,,,,0,0,3,,1,,2,,0.0,,,,0,0,3,,2,,2,,0.0,,,,0,0,3,,3,,2,,0.0,,,,0,0,3,,4,,2,,0.0,,,,0,0,3,,5,,2,,0.0,,,,0,0,3,,6,,2,,0.0,,,,0,0,3,,7,,2,,0.0,,,,0,0,3,,8,,2,,0.0,,,,0,0,3,,9,,2,,0.0,,,,0,0,3,,10,,2,,0.0,,,,0,0,3,,11,,2,,0.0,,,,0,0,3,,12,,2,,0.0,,,,0,0,3,,13,,2,,0.0,,,,0,0,3,,14,,2,,0.0,,,,0,0,3,,15,,2,,0.0,,,,0,0,3,,16,,2,,0.0,,,,0,0,3,,17,,2,,0.0,,,,0,0,3,,18,,2,,0.0,,,,0,0,3,,19,,2,,0.0,,,,0,0,3,,20,,2,,0.0,,,,0,0,3,,21,,2,,0.0,,,,0,0,3,,22,,2,,0.0,,,,0,0,3,,23,,2,,0.0,,,,0,0,3,,24,,2,,0.0,,,,0,0,3,,25,,2,,0.0,,,,0,0,3,,26,,2,,0.0,,,,0,0,3,,27,,2,,0.0,,,,0,0,3,,28,,2,,0.0,,,,0,0,3,,29,,2,,0.0,,,,0,0,3,,30,,2,,0.0,,,4,0,0,0,2,,,,,0.0,,,,,,,,,,,,Purple,Non-beneficiary,,,,3,,,,,,,,,,,,,,,,,,,,,,,,,,,,,,,,,,,,,,,,,,,,,,,,,,,,,,,,,,,,,,,,,,,,,,,,,,,,,,,,,,,,,,,,,,,,,,,,1,1,,0.0,,,,,,,,,,,11,,1,10,,0.0,1,1
11,eqn50upz,61140e361b66a60be143ca4f,0,66,117,exclusion,Wait_start,2022-01-21 19:28:32.025076,1,,,0.0,,,1642793321.2010016,1642793810.8363361,s212bl11,,,,,0,1.0,exclusion,0.1,11,,0.0,1,1,1,,0.0,,,,,,4,1,3,,0.0,2,1,2,1,1,,,,61140e361b66a60be143ca4f,3,1,3,,0.0,,W93BX,0,0,0,3,,1,,3,,0.0,,JA3V8,0,0,0,3,,2,,3,,0.0,,RBSKW,0,0,0,3,,3,,3,,0.0,,HJ9PV,0,0,0,3,,4,,3,,0.0,,TSMS9,0,0,0,3,,5,,3,,0.0,,459CT,0,0,0,3,,6,,3,,0.0,,R84CH,0,0,0,3,,7,,3,,0.0,,D4TSH,0,0,0,3,,8,,3,,0.0,,3M56R,0,0,0,3,,9,,3,,0.0,,HAPK3,0,0,0,3,,10,,3,,0.0,,VSJS,0,0,0,3,,11,,3,,0.0,,CJR69H,0,0,0,3,,12,,3,,0.0,,YBJWY,0,0,0,3,,13,,3,,0.0,,BD8W,0,0,0,3,,14,,3,,0.0,,ARKUH,0,0,0,3,,15,,3,,0.0,,PRRCBU,0,0,0,3,,16,,3,,0.0,,WPVA,0,0,0,3,,17,,3,,0.0,,VEHKX,0,0,0,3,,18,,3,,0.0,,5UDWEJ,0,0,0,3,,19,,3,,0.0,,5RRT9R,0,0,0,3,,20,,3,,0.0,,8NWTTS,0,0,0,3,,21,,3,,0.0,,CSBHT,0,0,0,3,,22,,3,,0.0,,U5BS89,0,0,0,3,,23,,3,,0.0,,KR9RY,0,0,0,3,,24,,3,,0.0,,WNW6,0,0,0,3,,25,,3,,0.0,,TYXXWS,0,0,0,3,,26,,3,,0.0,,SRXK,0,0,0,3,,27,,3,,0.0,,36HX,0,0,0,3,,28,,3,,0.0,,KVW34,0,0,0,3,,29,,3,,0.0,,SE9K,0,0,0,3,,30,,3,,0.0,,,4,0,0,0,2,,,,,0.0,,,,,,,,,,,,Green,Non-beneficiary,,,,3,,,,,,,,,,,,,,,,,,,,,,,,,,,,,,,,,,,,,,,,,,,,,,,,,,,,,,,,,,,,,,,,,,,,,,,,,,,,,,,,,,,,,,,,,,,,,,,,1,1,,0.0,,,,,,,,,,,5,,1,11,,0.0,1,1
12,zbfvskdd,5c3d0637e0ea8200014601a4,0,66,117,exclusion,Wait_start,2022-01-21 19:29:10.557483,1,,,0.0,,,1642793372.5190232,1642793720.5220406,s212bl11,,,,,0,1.0,exclusion,0.1,12,,0.0,1,1,4,,0.0,,,,,,4,1,4,,0.0,2,1,2,1,1,,,,5c3d0637e0ea8200014601a4,3,1,4,,0.0,,W93BX,0,0,0,3,,1,,4,,0.0,,JA3V8,0,0,0,3,,2,,4,,0.0,,RBSKW,0,0,0,3,,3,,4,,0.0,,HJ9PV,0,0,0,3,,4,,4,,0.0,,TSMS9,0,0,0,3,,5,,4,,0.0,,459CT,0,0,0,3,,6,,4,,0.0,,R84CH,0,0,0,3,,7,,4,,0.0,,D4TSH,0,0,0,3,,8,,4,,0.0,,3M56R,0,0,0,3,,9,,4,,0.0,,HAPK3,0,0,0,3,,10,,4,,0.0,,VSJS,0,0,0,3,,11,,4,,0.0,,CJR69H,0,0,0,3,,12,,4,,0.0,,YBJWY,0,0,0,3,,13,,4,,0.0,,BD8W,0,0,0,3,,14,,4,,0.0,,ARKUH,0,0,0,3,,15,,4,,0.0,,PRRCBU,0,0,0,3,,16,,4,,0.0,,WPVA,0,0,0,3,,17,,4,,0.0,,VEHKX,0,0,0,3,,18,,4,,0.0,,5UDWEJ,0,0,0,3,,19,,4,,0.0,,5RRT9R,0,0,0,3,,20,,4,,0.0,,8NWTTS,0,0,0,3,,21,,4,,0.0,,CSBHT,0,0,0,3,,22,,4,,0.0,,U5BS89,0,0,0,3,,23,,4,,0.0,,KR9RY,0,0,0,3,,24,,4,,0.0,,WNW6,0,0,0,3,,25,,4,,0.0,,TYXXWS,0,0,0,3,,26,,4,,0.0,,SRXK,0,0,0,3,,27,,4,,0.0,,36HX,0,0,0,3,,28,,4,,0.0,,KVW34,0,0,0,3,,29,,4,,0.0,,SE9K,0,0,0,3,,30,,4,,0.0,,,4,0,0,0,2,,,,,1.0,,,,,,,,,,,,Purple,Beneficiary,,,,3,,,,,,,,,,,,,,,,,,,,,,,,,,,,,,,,,,,,,,,,,,,,,,,,,,,,,,,,,,,,,,,,,,,,,,,,,,,,,,,,,,,,,,,,,,,,,,,,1,1,,0.0,,,,,,,,,,,2,,1,12,,0.0,1,1
13,09chmwa2,5b5d986b5256470001bc728d,0,117,117,solo,MyPage,2022-01-21 19:30:14.081892,1,,,0.0,,,1642793423.2769578,,s212bl11,,,,,0,1.0,exclusion,0.1,13,,0.0,1,1,1,,0.0,,,,,,5,1,1,,0.0,,,,,,,,, ,4,1,1,,0.0,,,,0,0,4,,1,,1,,0.0,,,,0,0,4,,2,,1,,0.0,,,,0,0,4,,3,,1,,0.0,,,,0,0,4,,4,,1,,0.0,,,,0,0,4,,5,,1,,0.0,,,,0,0,4,,6,,1,,0.0,,,,0,0,4,,7,,1,,0.0,,,,0,0,4,,8,,1,,0.0,,,,0,0,4,,9,,1,,0.0,,,,0,0,4,,10,,1,,0.0,,,,0,0,4,,11,,1,,0.0,,,,0,0,4,,12,,1,,0.0,,,,0,0,4,,13,,1,,0.0,,,,0,0,4,,14,,1,,0.0,,,,0,0,4,,15,,1,,0.0,,,,0,0,4,,16,,1,,0.0,,,,0,0,4,,17,,1,,0.0,,,,0,0,4,,18,,1,,0.0,,,,0,0,4,,19,,1,,0.0,,,,0,0,4,,20,,1,,0.0,,,,0,0,4,,21,,1,,0.0,,,,0,0,4,,22,,1,,0.0,,,,0,0,4,,23,,1,,0.0,,,,0,0,4,,24,,1,,0.0,,,,0,0,4,,25,,1,,0.0,,,,0,0,4,,26,,1,,0.0,,,,0,0,4,,27,,1,,0.0,,,,0,0,4,,28,,1,,0.0,,,,0,0,4,,29,,1,,0.0,,,,0,0,4,,30,,1,,0.0,,,4,0,0,0,2,,,,,0.0,,,,,,,,,,,,Green,Non-beneficiary,,,,4,,,,,,,,,,,,,,,,,,,,,,,,,,,,,,,,,,,,,,,,,,,,,,,,,,,,,,,,,,,,,,,,,,,,,,,,,,,,,,,,,,,,,,,,,,,,,,,,1,2,,0.0,5,,,,,,,,,,10,5,1,13,,0.0,1,1
14,3gi1xegz,592a836f6109cd00010bc414,0,2,117,start,GBAT,2022-01-21 19:30:40.299149,1,,,0.0,,,1642793450.9531205,,s212bl11,,,,,0,1.0,exclusion,0.1,14,,0.0,1,1,14,,0.0,,,,,,1,1,2,,0.0,,,,,,,,, ,4,1,2,,0.0,,,,0,0,4,,1,,2,,0.0,,,,0,0,4,,2,,2,,0.0,,,,0,0,4,,3,,2,,0.0,,,,0,0,4,,4,,2,,0.0,,,,0,0,4,,5,,2,,0.0,,,,0,0,4,,6,,2,,0.0,,,,0,0,4,,7,,2,,0.0,,,,0,0,4,,8,,2,,0.0,,,,0,0,4,,9,,2,,0.0,,,,0,0,4,,10,,2,,0.0,,,,0,0,4,,11,,2,,0.0,,,,0,0,4,,12,,2,,0.0,,,,0,0,4,,13,,2,,0.0,,,,0,0,4,,14,,2,,0.0,,,,0,0,4,,15,,2,,0.0,,,,0,0,4,,16,,2,,0.0,,,,0,0,4,,17,,2,,0.0,,,,0,0,4,,18,,2,,0.0,,,,0,0,4,,19,,2,,0.0,,,,0,0,4,,20,,2,,0.0,,,,0,0,4,,21,,2,,0.0,,,,0,0,4,,22,,2,,0.0,,,,0,0,4,,23,,2,,0.0,,,,0,0,4,,24,,2,,0.0,,,,0,0,4,,25,,2,,0.0,,,,0,0,4,,26,,2,,0.0,,,,0,0,4,,27,,2,,0.0,,,,0,0,4,,28,,2,,0.0,,,,0,0,4,,29,,2,,0.0,,,,0,0,4,,30,,2,,0.0,,,4,0,0,0,2,,,,,0.0,,,,,,,,,,,,Purple,Non-beneficiary,,,,4,,,,,,,,,,,,,,,,,,,,,,,,,,,,,,,,,,,,,,,,,,,,,,,,,,,,,,,,,,,,,,,,,,,,,,,,,,,,,,,,,,,,,,,,,,,,,,,,1,2,,0.0,,,,,,,,,,,9,0,1,14,,0.0,1,1
15,n1g8kttl,5ef6feae9489ba3fa26d0f67,0,66,117,exclusion,Wait_start,2022-01-21 19:32:57.329936,1,,,0.0,,,1642793586.0829496,1642793952.9667723,s212bl11,,,,,0,1.0,exclusion,0.1,15,,0.0,1,1,2,,0.0,,,,,,6,1,3,,0.0,2,1,2,1,1,,,,5ef6feae9489ba3fa26d0f67,4,1,3,,0.0,,W93BX,0,0,0,4,,1,,3,,0.0,,JA3V8,0,0,0,4,,2,,3,,0.0,,RBSKW,0,0,0,4,,3,,3,,0.0,,HJ9PV,0,0,0,4,,4,,3,,0.0,,TSMS9,0,0,0,4,,5,,3,,0.0,,459CT,0,0,0,4,,6,,3,,0.0,,R84CH,0,0,0,4,,7,,3,,0.0,,D4TSH,0,0,0,4,,8,,3,,0.0,,3M56R,0,0,0,4,,9,,3,,0.0,,HAPK3,0,0,0,4,,10,,3,,0.0,,VSJS,0,0,0,4,,11,,3,,0.0,,CJR69H,0,0,0,4,,12,,3,,0.0,,YBJWY,0,0,0,4,,13,,3,,0.0,,BD8W,0,0,0,4,,14,,3,,0.0,,ARKUH,0,0,0,4,,15,,3,,0.0,,PRRCBU,0,0,0,4,,16,,3,,0.0,,WPVA,0,0,0,4,,17,,3,,0.0,,VEHKX,0,0,0,4,,18,,3,,0.0,,5UDWEJ,0,0,0,4,,19,,3,,0.0,,5RRT9R,0,0,0,4,,20,,3,,0.0,,8NWTTS,0,0,0,4,,21,,3,,0.0,,CSBHT,0,0,0,4,,22,,3,,0.0,,U5BS89,0,0,0,4,,23,,3,,0.0,,KR9RY,0,0,0,4,,24,,3,,0.0,,WNW6,0,0,0,4,,25,,3,,0.0,,TYXXWS,0,0,0,4,,26,,3,,0.0,,SRXK,0,0,0,4,,27,,3,,0.0,,36HX,0,0,0,4,,28,,3,,0.0,,KVW34,0,0,0,4,,29,,3,,0.0,,SE9K,0,0,0,4,,30,,3,,0.0,,,4,0,0,0,2,,,,,0.0,,,,,,,,,,,,Green,Non-beneficiary,,,,4,,,,,,,,,,,,,,,,,,,,,,,,,,,,,,,,,,,,,,,,,,,,,,,,,,,,,,,,,,,,,,,,,,,,,,,,,,,,,,,,,,,,,,,,,,,,,,,,1,1,,0.0,,,,,,,,,,,12,,1,15,,0.0,1,1
16,dzzifevh,5f00dcdde2787b22556593e7,0,66,117,exclusion,Wait_start,2022-01-21 19:33:22.532308,1,,,0.0,,,1642793611.6080768,1642793937.7410345,s212bl11,,,,,0,1.0,exclusion,0.1,16,,0.0,1,1,3,,0.0,,,,,,6,1,4,,0.0,2,1,2,1,1,,,,5f00dcdde2787b22556593e7,4,1,4,,0.0,,W93BX,0,0,0,4,,1,,4,,0.0,,JA3V8,0,0,0,4,,2,,4,,0.0,,RBSKW,0,0,0,4,,3,,4,,0.0,,HJ9PV,0,0,0,4,,4,,4,,0.0,,TSMS9,0,0,0,4,,5,,4,,0.0,,459CT,0,0,0,4,,6,,4,,0.0,,R84CH,0,0,0,4,,7,,4,,0.0,,D4TSH,0,0,0,4,,8,,4,,0.0,,3M56R,0,0,0,4,,9,,4,,0.0,,HAPK3,0,0,0,4,,10,,4,,0.0,,VSJS,0,0,0,4,,11,,4,,0.0,,CJR69H,0,0,0,4,,12,,4,,0.0,,YBJWY,0,0,0,4,,13,,4,,0.0,,BD8W,0,0,0,4,,14,,4,,0.0,,ARKUH,0,0,0,4,,15,,4,,0.0,,PRRCBU,0,0,0,4,,16,,4,,0.0,,WPVA,0,0,0,4,,17,,4,,0.0,,VEHKX,0,0,0,4,,18,,4,,0.0,,5UDWEJ,0,0,0,4,,19,,4,,0.0,,5RRT9R,0,0,0,4,,20,,4,,0.0,,8NWTTS,0,0,0,4,,21,,4,,0.0,,CSBHT,0,0,0,4,,22,,4,,0.0,,U5BS89,0,0,0,4,,23,,4,,0.0,,KR9RY,0,0,0,4,,24,,4,,0.0,,WNW6,0,0,0,4,,25,,4,,0.0,,TYXXWS,0,0,0,4,,26,,4,,0.0,,SRXK,0,0,0,4,,27,,4,,0.0,,36HX,0,0,0,4,,28,,4,,0.0,,KVW34,0,0,0,4,,29,,4,,0.0,,SE9K,0,0,0,4,,30,,4,,0.0,,,4,0,0,0,2,,,,,1.0,,,,,,,,,,,,Purple,Beneficiary,,,,4,,,,,,,,,,,,,,,,,,,,,,,,,,,,,,,,,,,,,,,,,,,,,,,,,,,,,,,,,,,,,,,,,,,,,,,,,,,,,,,,,,,,,,,,,,,,,,,,1,2,,0.0,,,,,,,,,,,7,,1,16,,0.0,1,1
17,0s95mmg9,567c1cc8b7d79a0012b273ef,0,66,117,exclusion,Wait_start,2022-01-21 19:33:26.818956,1,,,0.0,,,1642793613.018739,1642793940.1736088,s212bl11,,,,,0,1.0,exclusion,0.1,17,,0.0,1,1,1,,0.0,,,,,,6,1,1,,0.0,2,1,2,1,1,,,,567c1cc8b7d79a0012b273ef,5,1,1,,0.0,,W93BX,0,0,0,5,,1,,1,,0.0,,JA3V8,0,0,0,5,,2,,1,,0.0,,RBSKW,0,0,0,5,,3,,1,,0.0,,HJ9PV,0,0,0,5,,4,,1,,0.0,,TSMS9,0,0,0,5,,5,,1,,0.0,,459CT,0,0,0,5,,6,,1,,0.0,,R84CH,0,0,0,5,,7,,1,,0.0,,D4TSH,0,0,0,5,,8,,1,,0.0,,3M56R,0,0,0,5,,9,,1,,0.0,,HAPK3,0,0,0,5,,10,,1,,0.0,,VSJS,0,0,0,5,,11,,1,,0.0,,CJR69H,0,0,0,5,,12,,1,,0.0,,YBJWY,0,0,0,5,,13,,1,,0.0,,BD8W,0,0,0,5,,14,,1,,0.0,,ARKUH,0,0,0,5,,15,,1,,0.0,,PRRCBU,0,0,0,5,,16,,1,,0.0,,WPVA,0,0,0,5,,17,,1,,0.0,,VEHKX,0,0,0,5,,18,,1,,0.0,,5UDWEJ,0,0,0,5,,19,,1,,0.0,,5RRT9R,0,0,0,5,,20,,1,,0.0,,8NWTTS,0,0,0,5,,21,,1,,0.0,,CSBHT,0,0,0,5,,22,,1,,0.0,,U5BS89,0,0,0,5,,23,,1,,0.0,,KR9RY,0,0,0,5,,24,,1,,0.0,,WNW6,0,0,0,5,,25,,1,,0.0,,TYXXWS,0,0,0,5,,26,,1,,0.0,,SRXK,0,0,0,5,,27,,1,,0.0,,36HX,0,0,0,5,,28,,1,,0.0,,KVW34,0,0,0,5,,29,,1,,0.0,,SE9K,0,0,0,5,,30,,1,,0.0,,,4,0,0,0,2,,,,,0.0,,,,,,,,,,,,Green,Non-beneficiary,,,,5,,,,,,,,,,,,,,,,,,,,,,,,,,,,,,,,,,,,,,,,,,,,,,,,,,,,,,,,,,,,,,,,,,,,,,,,,,,,,,,,,,,,,,,,,,,,,,,,1,1,,0.0,,,,,,,,,,,1,,1,17,,0.0,1,1
18,bjhragiq,614a726b91810be015fc54da,0,5,117,start_cont,comprehension_test,2022-01-21 19:33:38.602161,1,,,0.0,,,1642793621.2917197,,s212bl11,,,,,0,1.0,exclusion,0.1,18,,0.0,1,1,4,,0.0,,,,,,6,1,2,,0.0,,,,,,,,,614a726b91810be015fc54da,5,1,2,,0.0,,,,0,0,5,,1,,2,,0.0,,,,0,0,5,,2,,2,,0.0,,,,0,0,5,,3,,2,,0.0,,,,0,0,5,,4,,2,,0.0,,,,0,0,5,,5,,2,,0.0,,,,0,0,5,,6,,2,,0.0,,,,0,0,5,,7,,2,,0.0,,,,0,0,5,,8,,2,,0.0,,,,0,0,5,,9,,2,,0.0,,,,0,0,5,,10,,2,,0.0,,,,0,0,5,,11,,2,,0.0,,,,0,0,5,,12,,2,,0.0,,,,0,0,5,,13,,2,,0.0,,,,0,0,5,,14,,2,,0.0,,,,0,0,5,,15,,2,,0.0,,,,0,0,5,,16,,2,,0.0,,,,0,0,5,,17,,2,,0.0,,,,0,0,5,,18,,2,,0.0,,,,0,0,5,,19,,2,,0.0,,,,0,0,5,,20,,2,,0.0,,,,0,0,5,,21,,2,,0.0,,,,0,0,5,,22,,2,,0.0,,,,0,0,5,,23,,2,,0.0,,,,0,0,5,,24,,2,,0.0,,,,0,0,5,,25,,2,,0.0,,,,0,0,5,,26,,2,,0.0,,,,0,0,5,,27,,2,,0.0,,,,0,0,5,,28,,2,,0.0,,,,0,0,5,,29,,2,,0.0,,,,0,0,5,,30,,2,,0.0,,,4,0,0,0,2,,,,,0.0,,,,,,,,,,,,Purple,Non-beneficiary,,,,5,,,,,,,,,,,,,,,,,,,,,,,,,,,,,,,,,,,,,,,,,,,,,,,,,,,,,,,,,,,,,,,,,,,,,,,,,,,,,,,,,,,,,,,,,,,,,,,,1,2,,0.0,,,,,,,,,,,8,5,1,18,,0.0,1,1
19,myp6fop1,5c846aba6a4b9b0016c854f5,0,117,117,solo,MyPage,2022-01-21 19:34:07.003269,1,,,0.0,,,1642794232.0239308,,s212bl11,,,,,0,1.0,exclusion,0.1,19,,0.0,1,1,1,,0.0,,,,,,8,1,3,,0.0,,,,,,,,, ,5,1,3,,0.0,,,,0,0,5,,1,,3,,0.0,,,,0,0,5,,2,,3,,0.0,,,,0,0,5,,3,,3,,0.0,,,,0,0,5,,4,,3,,0.0,,,,0,0,5,,5,,3,,0.0,,,,0,0,5,,6,,3,,0.0,,,,0,0,5,,7,,3,,0.0,,,,0,0,5,,8,,3,,0.0,,,,0,0,5,,9,,3,,0.0,,,,0,0,5,,10,,3,,0.0,,,,0,0,5,,11,,3,,0.0,,,,0,0,5,,12,,3,,0.0,,,,0,0,5,,13,,3,,0.0,,,,0,0,5,,14,,3,,0.0,,,,0,0,5,,15,,3,,0.0,,,,0,0,5,,16,,3,,0.0,,,,0,0,5,,17,,3,,0.0,,,,0,0,5,,18,,3,,0.0,,,,0,0,5,,19,,3,,0.0,,,,0,0,5,,20,,3,,0.0,,,,0,0,5,,21,,3,,0.0,,,,0,0,5,,22,,3,,0.0,,,,0,0,5,,23,,3,,0.0,,,,0,0,5,,24,,3,,0.0,,,,0,0,5,,25,,3,,0.0,,,,0,0,5,,26,,3,,0.0,,,,0,0,5,,27,,3,,0.0,,,,0,0,5,,28,,3,,0.0,,,,0,0,5,,29,,3,,0.0,,,,0,0,5,,30,,3,,0.0,,,4,0,0,0,2,,,,,0.0,,,,,,,,,,,,Green,Non-beneficiary,,,,5,,,,,,,,,,,,,,,,,,,,,,,,,,,,,,,,,,,,,,,,,,,,,,,,,,,,,,,,,,,,,,,,,,,,,,,,,,,,,,,,,,,,,,,,,,,,,,,,1,2,,0.0,,,,,,,,,,,2,,1,19,,0.0,1,1
20,4v8cx28p,5b71c3960413a1000105f5a9,0,117,117,solo,MyPage,2022-01-21 19:34:19.793358,1,,,0.0,,,1642793662.126201,,s212bl11,,,,,0,1.0,exclusion,0.1,20,,0.0,1,1,1,,0.0,,,,,,9,1,4,,0.0,,,,,,,,, ,5,1,4,,0.0,,,,0,0,5,,1,,4,,0.0,,,,0,0,5,,2,,4,,0.0,,,,0,0,5,,3,,4,,0.0,,,,0,0,5,,4,,4,,0.0,,,,0,0,5,,5,,4,,0.0,,,,0,0,5,,6,,4,,0.0,,,,0,0,5,,7,,4,,0.0,,,,0,0,5,,8,,4,,0.0,,,,0,0,5,,9,,4,,0.0,,,,0,0,5,,10,,4,,0.0,,,,0,0,5,,11,,4,,0.0,,,,0,0,5,,12,,4,,0.0,,,,0,0,5,,13,,4,,0.0,,,,0,0,5,,14,,4,,0.0,,,,0,0,5,,15,,4,,0.0,,,,0,0,5,,16,,4,,0.0,,,,0,0,5,,17,,4,,0.0,,,,0,0,5,,18,,4,,0.0,,,,0,0,5,,19,,4,,0.0,,,,0,0,5,,20,,4,,0.0,,,,0,0,5,,21,,4,,0.0,,,,0,0,5,,22,,4,,0.0,,,,0,0,5,,23,,4,,0.0,,,,0,0,5,,24,,4,,0.0,,,,0,0,5,,25,,4,,0.0,,,,0,0,5,,26,,4,,0.0,,,,0,0,5,,27,,4,,0.0,,,,0,0,5,,28,,4,,0.0,,,,0,0,5,,29,,4,,0.0,,,,0,0,5,,30,,4,,0.0,,,4,0,0,0,2,,,,,1.0,,,,,,,,,,,,Purple,Beneficiary,,,,5,,,,,,,,,,,,,,,,,,,,,,,,,,,,,,,,,,,,,,,,,,,,,,,,,,,,,,,,,,,,,,,,,,,,,,,,,,,,,,,,,,,,,,,,,,,,,,,,1,1,,0.0,,,,,,,,,,,7,,1,20,,0.0,1,1
21,dd4yx7q0,5c75087a4bf96800013d31b0,0,114,117,dictator,Wait_start,2022-01-21 19:35:02.693302,1,,,0.0,12.0,0.0,1642793714.1732976,1642794257.3404858,s212bl11,,,,,0,1.0,exclusion,0.1,21,,0.0,1,1,1,,0.0,,,,,,7,1,1,,0.0,2,1,2,1,1,,,,5c75087a4bf96800013d31b0,6,1,1,,0.0,,W93BX,0,0,0,6,,1,,1,,0.0,,JA3V8,0,0,0,6,,2,,1,,0.0,,RBSKW,0,0,0,6,,3,,1,,0.0,,HJ9PV,0,0,0,6,,4,,1,,0.0,,TSMS9,0,0,0,6,,5,,1,,0.0,,459CT,0,0,0,6,,6,,1,,0.0,,R84CH,0,0,0,6,,7,,1,,0.0,,D4TSH,0,0,0,6,,8,,1,,0.0,,3M56R,0,0,0,6,,9,,1,,0.0,,HAPK3,0,0,0,6,,10,,1,,0.0,,VSJS,0,0,0,6,,11,,1,,0.0,,CJR69H,0,0,0,6,,12,,1,,0.0,,YBJWY,0,0,0,6,,13,,1,,0.0,,BD8W,0,0,0,6,,14,,1,,0.0,,ARKUH,0,0,0,6,,15,,1,,0.0,,,,0,0,6,,16,,1,,0.0,,,,0,0,6,,17,,1,,0.0,,,,0,0,6,,18,,1,,0.0,,,,0,0,6,,19,,1,,0.0,,,,0,0,6,,20,,1,,0.0,,,,0,0,6,,21,,1,,0.0,,,,0,0,6,,22,,1,,0.0,,,,0,0,6,,23,,1,,0.0,,,,0,0,6,,24,,1,,0.0,,,,0,0,6,,25,,1,,0.0,,,,0,0,6,,26,,1,,0.0,,,,0,0,6,,27,,1,,0.0,,,,0,0,6,,28,,1,,0.0,,,,0,0,6,,29,,1,,0.0,,,,0,0,6,,30,,1,,0.0,12.0,,2,0,2,0,0,,,,,0.0,4,4,,,3,3,4,4,3,8,10,Green,Non-beneficiary,,,,6,0,0,1,0,3,1,0,0,0,1,0,0,1,0,3,1,0,0,0,1,0,0,1,0,3,0,0,0,1,4,0,1,0,0,2,0,0,0,1,4,1,0,0,0,1,0,0,0,1,4,0,1,0,0,2,0,0,0,1,4,1,0,0,0,1,0,1,0,0,2,0,0,0,1,4,0,0,1,0,3,1,0,0,0,1,0,0,1,0,3,1,0,0,0,1,1,2,,0.0,,,,,5,,,,,,5,,1,21,,0.0,1,1
22,7nycj2hw,616f03d5716cae5cc9cc203f,0,116,117,dictator,survey_end,2022-01-21 19:36:33.722235,1,,,0.0,6.0,1.0,1642793797.2255306,1642794217.3251343,s212bl11,,,,,0,1.0,exclusion,0.1,22,,0.0,1,1,3,,0.0,,,,,,7,1,2,,0.0,2,1,2,1,1,,,,616f03d5716cae5cc9cc203f,6,1,2,,0.0,,W93BX,0,0,0,6,,1,,2,,0.0,,JA3V8,0,0,0,6,,2,,2,,0.0,,RBSKW,0,0,0,6,,3,,2,,0.0,,HJ9PV,0,0,0,6,,4,,2,,0.0,,TSMS9,0,0,0,6,,5,,2,,0.0,,459CT,0,0,0,6,,6,,2,,0.0,,R84CH,0,0,0,6,,7,,2,,0.0,,D4TSH,0,0,0,6,,8,,2,,0.0,,3M56R,0,0,0,6,,9,,2,,0.0,,HAPK3,0,0,0,6,,10,,2,,0.0,,VSJS,0,0,0,6,,11,,2,,0.0,,CJR69H,0,0,0,6,,12,,2,,0.0,,YBJWY,0,0,0,6,,13,,2,,0.0,,BD8W,0,0,0,6,,14,,2,,0.0,,ARKUH,0,0,0,6,,15,,2,,0.0,,PRRCBU,0,0,0,6,,16,,2,,0.0,,WPVA,0,0,0,6,,17,,2,,0.0,,VEHKX,0,0,0,6,,18,,2,,0.0,,5UDWEJ,0,0,0,6,,19,,2,,0.0,,5RRT9R,0,0,0,6,,20,,2,,0.0,,8NWTTS,0,0,0,6,,21,,2,,0.0,,CSBHT,0,0,0,6,,22,,2,,0.0,,,,0,0,6,,23,,2,,0.0,,,,0,0,6,,24,,2,,0.0,,,,0,0,6,,25,,2,,0.0,,,,0,0,6,,26,,2,,0.0,,,,0,0,6,,27,,2,,0.0,,,,0,0,6,,28,,2,,0.0,,,,0,0,6,,29,,2,,0.0,,,,0,0,6,,30,,2,,0.0,6.0,,2,0,2,0,0,,,,,1.0,5,1,,,3,3,2,2,2,6,5,Purple,Beneficiary,,,,6,0,0,1,0,3,1,0,0,0,1,0,0,1,0,3,1,0,0,0,1,0,0,1,0,3,0,0,0,1,4,0,1,0,0,2,0,0,0,1,4,1,0,0,0,1,0,0,0,1,4,0,1,0,0,2,0,0,0,1,4,1,0,0,0,1,0,1,0,0,2,0,0,0,1,4,0,0,1,0,3,1,0,0,0,1,0,0,1,0,3,1,0,0,0,1,1,1,,0.0,5,,,,,,,,,,10,5,1,22,,0.0,1,1
23,l96wlf1z,614cd7b8fde725c7167877bd,0,114,117,dictator,Wait_start,2022-01-21 19:37:01.556293,1,,,0.0,10.0,0.0,1642793833.7880208,1642794169.251226,s212bl11,,,,,0,1.0,exclusion,0.1,23,,0.0,1,1,2,,0.0,,,,,,7,1,3,,0.0,2,1,2,1,1,,,,614cd7b8fde725c7167877bd,6,1,3,,0.0,,W93BX,0,0,0,6,,1,,3,,0.0,,JA3V8,0,0,0,6,,2,,3,,0.0,,RBSKW,0,0,0,6,,3,,3,,0.0,,HJ9PV,0,0,0,6,,4,,3,,0.0,,TSMS9,0,0,0,6,,5,,3,,0.0,,459CT,0,0,0,6,,6,,3,,0.0,,R84CH,0,0,0,6,,7,,3,,0.0,,D4TSH,0,0,0,6,,8,,3,,0.0,,3M56R,0,0,0,6,,9,,3,,0.0,,HAPK3,0,0,0,6,,10,,3,,0.0,,VSJS,0,0,0,6,,11,,3,,0.0,,CJR69H,0,0,0,6,,12,,3,,0.0,,YBJWY,0,0,0,6,,13,,3,,0.0,,BD8W,0,0,0,6,,14,,3,,0.0,,ARKUH,0,0,0,6,,15,,3,,0.0,,PRRCBU,0,0,0,6,,16,,3,,0.0,,WPVA,0,0,0,6,,17,,3,,0.0,,VEHKX,0,0,0,6,,18,,3,,0.0,,5UDWEJ,0,0,0,6,,19,,3,,0.0,,5RRT9R,0,0,0,6,,20,,3,,0.0,,8NWTTS,0,0,0,6,,21,,3,,0.0,,CSBHT,0,0,0,6,,22,,3,,0.0,,U5BS89,0,0,0,6,,23,,3,,0.0,,KR9RY,0,0,0,6,,24,,3,,0.0,,WNW6,0,0,0,6,,25,,3,,0.0,,TYXXWS,0,0,0,6,,26,,3,,0.0,,SRXK,0,0,0,6,,27,,3,,0.0,,36HX,0,0,0,6,,28,,3,,0.0,,KVW34,0,0,0,6,,29,,3,,0.0,,SE9K,0,0,0,6,,30,,3,,0.0,10.0,,2,0,2,0,0,,,,,0.0,2,4,,,3,2,2,2,3,4,3,Green,Non-beneficiary,,,,6,0,0,1,0,3,1,0,0,0,1,0,0,1,0,3,1,0,0,0,1,0,0,1,0,3,0,0,0,1,4,0,1,0,0,2,0,0,0,1,4,1,0,0,0,1,0,0,0,1,4,0,1,0,0,2,0,0,0,1,4,1,0,0,0,1,0,1,0,0,2,0,0,0,1,4,0,0,1,0,3,1,0,0,0,1,0,0,1,0,3,1,0,0,0,1,1,1,,0.0,,,,,,,,,,,9,0,1,23,,0.0,1,1
24,743intyb,57fe48c390de420001673796,0,114,117,dictator,Wait_start,2022-01-21 19:37:30.422194,1,,,0.0,10.0,0.0,1642793857.403934,1642794173.2649655,s212bl11,,,,,0,1.0,exclusion,0.1,24,,0.0,1,1,4,,0.0,,,,,,7,1,4,,0.0,2,1,2,1,1,,,,57fe48c390de420001673796,6,1,4,,0.0,,W93BX,0,0,0,6,,1,,4,,0.0,,JA3V8,0,0,0,6,,2,,4,,0.0,,RBSKW,0,0,0,6,,3,,4,,0.0,,HJ9PV,0,0,0,6,,4,,4,,0.0,,TSMS9,0,0,0,6,,5,,4,,0.0,,459CT,0,0,0,6,,6,,4,,0.0,,R84CH,0,0,0,6,,7,,4,,0.0,,D4TSH,0,0,0,6,,8,,4,,0.0,,3M56R,0,0,0,6,,9,,4,,0.0,,HAPK3,0,0,0,6,,10,,4,,0.0,,VSJS,0,0,0,6,,11,,4,,0.0,,CJR69H,0,0,0,6,,12,,4,,0.0,,YBJWY,0,0,0,6,,13,,4,,0.0,,BD8W,0,0,0,6,,14,,4,,0.0,,ARKUH,0,0,0,6,,15,,4,,0.0,,PRRCBU,0,0,0,6,,16,,4,,0.0,,WPVA,0,0,0,6,,17,,4,,0.0,,VEHKX,0,0,0,6,,18,,4,,0.0,,5UDWEJ,0,0,0,6,,19,,4,,0.0,,5RRT9R,0,0,0,6,,20,,4,,0.0,,8NWTTS,0,0,0,6,,21,,4,,0.0,,CSBHT,0,0,0,6,,22,,4,,0.0,,U5BS89,0,0,0,6,,23,,4,,0.0,,KR9RY,0,0,0,6,,24,,4,,0.0,,WNW6,0,0,0,6,,25,,4,,0.0,,TYXXWS,0,0,0,6,,26,,4,,0.0,,SRXK,0,0,0,6,,27,,4,,0.0,,36HX,0,0,0,6,,28,,4,,0.0,,KVW34,0,0,0,6,,29,,4,,0.0,,SE9K,0,0,0,6,,30,,4,,0.0,10.0,,2,0,2,0,0,,,,,0.0,2,5,,,4,4,4,4,3,7,8,Purple,Non-beneficiary,,,,6,0,0,1,0,3,1,0,0,0,1,0,0,1,0,3,1,0,0,0,1,0,0,1,0,3,0,0,0,1,4,0,1,0,0,2,0,0,0,1,4,1,0,0,0,1,0,0,0,1,4,0,1,0,0,2,0,0,0,1,4,1,0,0,0,1,0,1,0,0,2,0,0,0,1,4,0,0,1,0,3,1,0,0,0,1,0,0,1,0,3,1,0,0,0,1,1,1,,0.0,,,,,,,,,,,8,5,1,24,,0.0,1,1
