session_code,participant_id_in_session,participant_code,page_index,app_name,page_name,epoch_time_completed,round_number,timeout_happened,is_wait_page
s212bl11,1,b5eh329j,0,,InitializeParticipant,1642793017,1,0,0
s212bl11,2,9cut4edv,0,,InitializeParticipant,1642793026,1,0,0
s212bl11,1,b5eh329j,1,start_1,MyPage,1642793027,1,0,0
s212bl11,2,9cut4edv,1,start_1,MyPage,1642793031,1,0,0
s212bl11,3,sjelrbgh,0,,InitializeParticipant,1642793082,1,0,0
s212bl11,3,sjelrbgh,1,start_1,MyPage,1642793088,1,0,0
s212bl11,4,vv8gyox1,0,,InitializeParticipant,1642793112,1,0,0
s212bl11,4,vv8gyox1,1,start_1,MyPage,1642793119,1,0,0
s212bl11,1,b5eh329j,2,start,GBAT,1642793120,1,0,1
s212bl11,2,9cut4edv,2,start,GBAT,1642793120,1,0,1
s212bl11,3,sjelrbgh,2,start,GBAT,1642793120,1,0,1
s212bl11,4,vv8gyox1,2,start,GBAT,1642793120,1,0,1
s212bl11,5,68go05re,0,,InitializeParticipant,1642793121,1,0,0
s212bl11,5,68go05re,1,start_1,MyPage,1642793129,1,0,0
s212bl11,6,nfjhg2pg,0,,InitializeParticipant,1642793132,1,0,0
s212bl11,6,nfjhg2pg,1,start_1,MyPage,1642793134,1,0,0
s212bl11,4,vv8gyox1,3,start_cont,MyPage,1642793141,1,0,0
s212bl11,3,sjelrbgh,3,start_cont,MyPage,1642793150,1,0,0
s212bl11,3,sjelrbgh,4,start_cont,effort,1642793167,1,0,0
s212bl11,1,b5eh329j,3,start_cont,MyPage,1642793171,1,0,0
s212bl11,2,9cut4edv,3,start_cont,MyPage,1642793186,1,0,0
s212bl11,7,xx8qrfep,0,,InitializeParticipant,1642793192,1,0,0
s212bl11,1,b5eh329j,4,start_cont,effort,1642793193,1,0,0
s212bl11,7,xx8qrfep,1,start_1,MyPage,1642793202,1,0,0
s212bl11,3,sjelrbgh,5,start_cont,comprehension_test,1642793208,1,0,0
s212bl11,2,9cut4edv,4,start_cont,effort,1642793220,1,0,0
s212bl11,1,b5eh329j,5,start_cont,comprehension_test,1642793230,1,0,0
s212bl11,3,sjelrbgh,6,captcha_quiz_a,Transcribe,1642793233,1,0,0
s212bl11,2,9cut4edv,5,start_cont,comprehension_test,1642793239,1,0,0
s212bl11,1,b5eh329j,6,captcha_quiz_a,Transcribe,1642793241,1,0,0
s212bl11,3,sjelrbgh,8,captcha_quiz_a,Transcribe,1642793241,2,0,0
s212bl11,3,sjelrbgh,10,captcha_quiz_a,Transcribe,1642793247,3,0,0
s212bl11,2,9cut4edv,6,captcha_quiz_a,Transcribe,1642793248,1,0,0
s212bl11,1,b5eh329j,8,captcha_quiz_a,Transcribe,1642793248,2,0,0
s212bl11,3,sjelrbgh,12,captcha_quiz_a,Transcribe,1642793253,4,0,0
s212bl11,2,9cut4edv,8,captcha_quiz_a,Transcribe,1642793254,2,0,0
s212bl11,1,b5eh329j,10,captcha_quiz_a,Transcribe,1642793255,3,0,0
s212bl11,2,9cut4edv,10,captcha_quiz_a,Transcribe,1642793260,3,0,0
s212bl11,1,b5eh329j,12,captcha_quiz_a,Transcribe,1642793261,4,0,0
s212bl11,2,9cut4edv,12,captcha_quiz_a,Transcribe,1642793267,4,0,0
s212bl11,1,b5eh329j,14,captcha_quiz_a,Transcribe,1642793267,5,0,0
s212bl11,2,9cut4edv,14,captcha_quiz_a,Transcribe,1642793272,5,0,0
s212bl11,8,huygsgk8,0,,InitializeParticipant,1642793272,1,0,0
s212bl11,1,b5eh329j,16,captcha_quiz_a,Transcribe,1642793272,6,0,0
s212bl11,9,lhgx8iae,0,,InitializeParticipant,1642793274,1,0,0
s212bl11,2,9cut4edv,16,captcha_quiz_a,Transcribe,1642793277,6,0,0
s212bl11,3,sjelrbgh,14,captcha_quiz_a,Transcribe,1642793278,5,0,0
s212bl11,1,b5eh329j,18,captcha_quiz_a,Transcribe,1642793279,7,0,0
s212bl11,9,lhgx8iae,1,start_1,MyPage,1642793279,1,0,0
s212bl11,5,68go05re,2,start,GBAT,1642793279,1,0,1
s212bl11,6,nfjhg2pg,2,start,GBAT,1642793279,1,0,1
s212bl11,7,xx8qrfep,2,start,GBAT,1642793279,1,0,1
s212bl11,9,lhgx8iae,2,start,GBAT,1642793279,1,0,1
s212bl11,8,huygsgk8,1,start_1,MyPage,1642793279,1,0,0
s212bl11,2,9cut4edv,18,captcha_quiz_a,Transcribe,1642793282,7,0,0
s212bl11,9,lhgx8iae,3,start_cont,MyPage,1642793283,1,0,0
s212bl11,3,sjelrbgh,16,captcha_quiz_a,Transcribe,1642793284,6,0,0
s212bl11,9,lhgx8iae,4,start_cont,effort,1642793285,1,0,0
s212bl11,1,b5eh329j,20,captcha_quiz_a,Transcribe,1642793285,8,0,0
s212bl11,2,9cut4edv,20,captcha_quiz_a,Transcribe,1642793288,8,0,0
s212bl11,3,sjelrbgh,18,captcha_quiz_a,Transcribe,1642793291,7,0,0
s212bl11,5,68go05re,3,start_cont,MyPage,1642793292,1,0,0
s212bl11,10,ke0y8w14,0,,InitializeParticipant,1642793294,1,0,0
s212bl11,2,9cut4edv,22,captcha_quiz_a,Transcribe,1642793294,9,0,0
s212bl11,1,b5eh329j,22,captcha_quiz_a,Transcribe,1642793295,9,0,0
s212bl11,3,sjelrbgh,20,captcha_quiz_a,Transcribe,1642793298,8,0,0
s212bl11,2,9cut4edv,24,captcha_quiz_a,Transcribe,1642793299,10,0,0
s212bl11,1,b5eh329j,24,captcha_quiz_a,Transcribe,1642793301,10,0,0
s212bl11,10,ke0y8w14,1,start_1,MyPage,1642793303,1,0,0
s212bl11,3,sjelrbgh,22,captcha_quiz_a,Transcribe,1642793303,9,0,0
s212bl11,2,9cut4edv,26,captcha_quiz_a,Transcribe,1642793306,11,0,0
s212bl11,1,b5eh329j,26,captcha_quiz_a,Transcribe,1642793310,11,0,0
s212bl11,6,nfjhg2pg,3,start_cont,MyPage,1642793311,1,0,0
s212bl11,2,9cut4edv,28,captcha_quiz_a,Transcribe,1642793311,12,0,0
s212bl11,11,eqn50upz,0,,InitializeParticipant,1642793312,1,0,0
s212bl11,3,sjelrbgh,24,captcha_quiz_a,Transcribe,1642793314,10,0,0
s212bl11,2,9cut4edv,30,captcha_quiz_a,Transcribe,1642793318,13,0,0
s212bl11,3,sjelrbgh,26,captcha_quiz_a,Transcribe,1642793320,11,0,0
s212bl11,7,xx8qrfep,3,start_cont,MyPage,1642793320,1,0,0
s212bl11,11,eqn50upz,1,start_1,MyPage,1642793321,1,0,0
s212bl11,2,9cut4edv,32,captcha_quiz_a,Transcribe,1642793323,14,0,0
s212bl11,3,sjelrbgh,28,captcha_quiz_a,Transcribe,1642793326,12,0,0
s212bl11,2,9cut4edv,34,captcha_quiz_a,Transcribe,1642793328,15,0,0
s212bl11,6,nfjhg2pg,4,start_cont,effort,1642793328,1,0,0
s212bl11,1,b5eh329j,28,captcha_quiz_a,Transcribe,1642793329,12,0,0
s212bl11,5,68go05re,4,start_cont,effort,1642793331,1,0,0
s212bl11,4,vv8gyox1,4,start_cont,effort,1642793332,1,0,0
s212bl11,2,9cut4edv,36,captcha_quiz_a,Transcribe,1642793333,16,0,0
s212bl11,3,sjelrbgh,30,captcha_quiz_a,Transcribe,1642793334,13,0,0
s212bl11,1,b5eh329j,30,captcha_quiz_a,Transcribe,1642793336,13,0,0
s212bl11,2,9cut4edv,38,captcha_quiz_a,Transcribe,1642793337,17,0,0
s212bl11,1,b5eh329j,32,captcha_quiz_a,Transcribe,1642793342,14,0,0
s212bl11,2,9cut4edv,40,captcha_quiz_a,Transcribe,1642793342,18,0,0
s212bl11,3,sjelrbgh,32,captcha_quiz_a,Transcribe,1642793345,14,0,0
s212bl11,7,xx8qrfep,4,start_cont,effort,1642793346,1,0,0
s212bl11,2,9cut4edv,42,captcha_quiz_a,Transcribe,1642793348,19,0,0
s212bl11,1,b5eh329j,34,captcha_quiz_a,Transcribe,1642793349,15,0,0
s212bl11,4,vv8gyox1,5,start_cont,comprehension_test,1642793350,1,0,0
s212bl11,12,zbfvskdd,0,,InitializeParticipant,1642793350,1,0,0
s212bl11,3,sjelrbgh,34,captcha_quiz_a,Transcribe,1642793350,15,0,0
s212bl11,2,9cut4edv,44,captcha_quiz_a,Transcribe,1642793354,20,0,0
s212bl11,1,b5eh329j,36,captcha_quiz_a,Transcribe,1642793355,16,0,0
s212bl11,5,68go05re,5,start_cont,comprehension_test,1642793356,1,0,0
s212bl11,6,nfjhg2pg,5,start_cont,comprehension_test,1642793358,1,0,0
s212bl11,1,b5eh329j,38,captcha_quiz_a,Transcribe,1642793359,17,0,0
s212bl11,4,vv8gyox1,6,captcha_quiz_a,Transcribe,1642793360,1,0,0
s212bl11,2,9cut4edv,46,captcha_quiz_a,Transcribe,1642793360,21,0,0
s212bl11,3,sjelrbgh,36,captcha_quiz_a,Transcribe,1642793362,16,0,0
s212bl11,5,68go05re,6,captcha_quiz_a,Transcribe,1642793364,1,0,0
s212bl11,2,9cut4edv,48,captcha_quiz_a,Transcribe,1642793365,22,0,0
s212bl11,1,b5eh329j,40,captcha_quiz_a,Transcribe,1642793366,18,0,0
s212bl11,3,sjelrbgh,38,captcha_quiz_a,Transcribe,1642793367,17,0,0
s212bl11,2,9cut4edv,50,captcha_quiz_a,Transcribe,1642793370,23,0,0
s212bl11,6,nfjhg2pg,6,captcha_quiz_a,Transcribe,1642793370,1,0,0
s212bl11,5,68go05re,8,captcha_quiz_a,Transcribe,1642793371,2,0,0
s212bl11,12,zbfvskdd,1,start_1,MyPage,1642793372,1,0,0
s212bl11,8,huygsgk8,2,start,GBAT,1642793372,1,0,1
s212bl11,10,ke0y8w14,2,start,GBAT,1642793372,1,0,1
s212bl11,11,eqn50upz,2,start,GBAT,1642793372,1,0,1
s212bl11,12,zbfvskdd,2,start,GBAT,1642793372,1,0,1
s212bl11,4,vv8gyox1,8,captcha_quiz_a,Transcribe,1642793372,2,0,0
s212bl11,7,xx8qrfep,5,start_cont,comprehension_test,1642793373,1,0,0
s212bl11,1,b5eh329j,42,captcha_quiz_a,Transcribe,1642793373,19,0,0
s212bl11,3,sjelrbgh,40,captcha_quiz_a,Transcribe,1642793374,18,0,0
s212bl11,2,9cut4edv,52,captcha_quiz_a,Transcribe,1642793376,24,0,0
s212bl11,4,vv8gyox1,10,captcha_quiz_a,Transcribe,1642793378,3,0,0
s212bl11,5,68go05re,10,captcha_quiz_a,Transcribe,1642793380,3,0,0
s212bl11,3,sjelrbgh,42,captcha_quiz_a,Transcribe,1642793381,19,0,0
s212bl11,1,b5eh329j,44,captcha_quiz_a,Transcribe,1642793381,20,0,0
s212bl11,2,9cut4edv,54,captcha_quiz_a,Transcribe,1642793381,25,0,0
s212bl11,6,nfjhg2pg,8,captcha_quiz_a,Transcribe,1642793383,2,0,0
s212bl11,4,vv8gyox1,12,captcha_quiz_a,Transcribe,1642793384,4,0,0
s212bl11,2,9cut4edv,56,captcha_quiz_a,Transcribe,1642793385,26,0,0
s212bl11,5,68go05re,12,captcha_quiz_a,Transcribe,1642793386,4,0,0
s212bl11,3,sjelrbgh,44,captcha_quiz_a,Transcribe,1642793386,20,0,0
s212bl11,1,b5eh329j,46,captcha_quiz_a,Transcribe,1642793388,21,0,0
s212bl11,2,9cut4edv,58,captcha_quiz_a,Transcribe,1642793389,27,0,0
s212bl11,8,huygsgk8,3,start_cont,MyPage,1642793391,1,0,0
s212bl11,7,xx8qrfep,6,captcha_quiz_a,Transcribe,1642793393,1,0,0
s212bl11,3,sjelrbgh,46,captcha_quiz_a,Transcribe,1642793393,21,0,0
s212bl11,4,vv8gyox1,14,captcha_quiz_a,Transcribe,1642793394,5,0,0
s212bl11,2,9cut4edv,60,captcha_quiz_a,Transcribe,1642793394,28,0,0
s212bl11,1,b5eh329j,48,captcha_quiz_a,Transcribe,1642793394,22,0,0
s212bl11,5,68go05re,14,captcha_quiz_a,Transcribe,1642793398,5,0,0
s212bl11,7,xx8qrfep,8,captcha_quiz_a,Transcribe,1642793399,2,0,0
s212bl11,2,9cut4edv,62,captcha_quiz_a,Transcribe,1642793399,29,0,0
s212bl11,4,vv8gyox1,16,captcha_quiz_a,Transcribe,1642793400,6,0,0
s212bl11,5,68go05re,16,captcha_quiz_a,Transcribe,1642793404,6,0,0
s212bl11,7,xx8qrfep,10,captcha_quiz_a,Transcribe,1642793405,3,0,0
s212bl11,6,nfjhg2pg,10,captcha_quiz_a,Transcribe,1642793406,3,0,0
s212bl11,2,9cut4edv,64,captcha_quiz_a,Transcribe,1642793406,30,0,0
s212bl11,4,vv8gyox1,18,captcha_quiz_a,Transcribe,1642793407,7,0,0
s212bl11,1,b5eh329j,50,captcha_quiz_a,Transcribe,1642793408,23,0,0
s212bl11,3,sjelrbgh,48,captcha_quiz_a,Transcribe,1642793409,22,0,0
s212bl11,5,68go05re,18,captcha_quiz_a,Transcribe,1642793410,7,0,0
s212bl11,7,xx8qrfep,12,captcha_quiz_a,Transcribe,1642793412,4,0,0
s212bl11,8,huygsgk8,4,start_cont,effort,1642793412,1,0,0
s212bl11,4,vv8gyox1,20,captcha_quiz_a,Transcribe,1642793413,8,0,0
s212bl11,13,09chmwa2,0,,InitializeParticipant,1642793414,1,0,0
s212bl11,1,b5eh329j,52,captcha_quiz_a,Transcribe,1642793415,24,0,0
s212bl11,5,68go05re,20,captcha_quiz_a,Transcribe,1642793416,8,0,0
s212bl11,6,nfjhg2pg,12,captcha_quiz_a,Transcribe,1642793417,4,0,0
s212bl11,11,eqn50upz,3,start_cont,MyPage,1642793417,1,0,0
s212bl11,3,sjelrbgh,50,captcha_quiz_a,Transcribe,1642793417,23,0,0
s212bl11,4,vv8gyox1,22,captcha_quiz_a,Transcribe,1642793420,9,0,0
s212bl11,1,b5eh329j,54,captcha_quiz_a,Transcribe,1642793421,25,0,0
s212bl11,13,09chmwa2,1,start_1,MyPage,1642793423,1,0,0
s212bl11,3,sjelrbgh,52,captcha_quiz_a,Transcribe,1642793423,24,0,0
s212bl11,5,68go05re,22,captcha_quiz_a,Transcribe,1642793424,9,0,0
s212bl11,7,xx8qrfep,14,captcha_quiz_a,Transcribe,1642793425,5,0,0
s212bl11,12,zbfvskdd,3,start_cont,MyPage,1642793426,1,0,0
s212bl11,1,b5eh329j,56,captcha_quiz_a,Transcribe,1642793427,26,0,0
s212bl11,6,nfjhg2pg,14,captcha_quiz_a,Transcribe,1642793427,5,0,0
s212bl11,3,sjelrbgh,54,captcha_quiz_a,Transcribe,1642793429,25,0,0
s212bl11,5,68go05re,24,captcha_quiz_a,Transcribe,1642793429,10,0,0
s212bl11,4,vv8gyox1,24,captcha_quiz_a,Transcribe,1642793430,10,0,0
s212bl11,7,xx8qrfep,16,captcha_quiz_a,Transcribe,1642793430,6,0,0
s212bl11,1,b5eh329j,58,captcha_quiz_a,Transcribe,1642793433,27,0,0
s212bl11,5,68go05re,26,captcha_quiz_a,Transcribe,1642793436,11,0,0
s212bl11,6,nfjhg2pg,16,captcha_quiz_a,Transcribe,1642793437,6,0,0
s212bl11,7,xx8qrfep,18,captcha_quiz_a,Transcribe,1642793437,7,0,0
s212bl11,11,eqn50upz,4,start_cont,effort,1642793438,1,0,0
s212bl11,4,vv8gyox1,26,captcha_quiz_a,Transcribe,1642793438,11,0,0
s212bl11,3,sjelrbgh,56,captcha_quiz_a,Transcribe,1642793439,26,0,0
s212bl11,1,b5eh329j,60,captcha_quiz_a,Transcribe,1642793439,28,0,0
s212bl11,14,3gi1xegz,0,,InitializeParticipant,1642793440,1,0,0
s212bl11,5,68go05re,28,captcha_quiz_a,Transcribe,1642793443,12,0,0
s212bl11,7,xx8qrfep,20,captcha_quiz_a,Transcribe,1642793443,8,0,0
s212bl11,3,sjelrbgh,58,captcha_quiz_a,Transcribe,1642793445,27,0,0
s212bl11,1,b5eh329j,62,captcha_quiz_a,Transcribe,1642793445,29,0,0
s212bl11,4,vv8gyox1,28,captcha_quiz_a,Transcribe,1642793447,12,0,0
s212bl11,8,huygsgk8,5,start_cont,comprehension_test,1642793447,1,0,0
s212bl11,6,nfjhg2pg,18,captcha_quiz_a,Transcribe,1642793448,7,0,0
s212bl11,12,zbfvskdd,4,start_cont,effort,1642793448,1,0,0
s212bl11,5,68go05re,30,captcha_quiz_a,Transcribe,1642793449,13,0,0
s212bl11,7,xx8qrfep,22,captcha_quiz_a,Transcribe,1642793449,9,0,0
s212bl11,3,sjelrbgh,60,captcha_quiz_a,Transcribe,1642793449,28,1,0
s212bl11,1,b5eh329j,64,captcha_quiz_a,Transcribe,1642793450,30,0,0
s212bl11,14,3gi1xegz,1,start_1,MyPage,1642793450,1,0,0
s212bl11,4,vv8gyox1,30,captcha_quiz_a,Transcribe,1642793453,13,0,0
s212bl11,5,68go05re,32,captcha_quiz_a,Transcribe,1642793453,14,0,0
s212bl11,7,xx8qrfep,24,captcha_quiz_a,Transcribe,1642793455,10,0,0
s212bl11,5,68go05re,34,captcha_quiz_a,Transcribe,1642793459,15,0,0
s212bl11,8,huygsgk8,6,captcha_quiz_a,Transcribe,1642793459,1,0,0
s212bl11,4,vv8gyox1,32,captcha_quiz_a,Transcribe,1642793459,14,0,0
s212bl11,6,nfjhg2pg,20,captcha_quiz_a,Transcribe,1642793462,8,0,0
s212bl11,4,vv8gyox1,34,captcha_quiz_a,Transcribe,1642793465,15,0,0
s212bl11,5,68go05re,36,captcha_quiz_a,Transcribe,1642793467,16,0,0
s212bl11,8,huygsgk8,8,captcha_quiz_a,Transcribe,1642793467,2,0,0
s212bl11,1,b5eh329j,65,captcha_quiz_a,Wait_for_timer,1642793470,30,1,0
s212bl11,6,nfjhg2pg,22,captcha_quiz_a,Transcribe,1642793471,9,0,0
s212bl11,5,68go05re,38,captcha_quiz_a,Transcribe,1642793471,17,0,0
s212bl11,4,vv8gyox1,36,captcha_quiz_a,Transcribe,1642793472,16,0,0
s212bl11,8,huygsgk8,10,captcha_quiz_a,Transcribe,1642793473,3,0,0
s212bl11,4,vv8gyox1,38,captcha_quiz_a,Transcribe,1642793477,17,0,0
s212bl11,5,68go05re,40,captcha_quiz_a,Transcribe,1642793477,18,0,0
s212bl11,2,9cut4edv,65,captcha_quiz_a,Wait_for_timer,1642793480,30,1,0
s212bl11,12,zbfvskdd,5,start_cont,comprehension_test,1642793480,1,0,0
s212bl11,8,huygsgk8,12,captcha_quiz_a,Transcribe,1642793480,4,0,0
s212bl11,6,nfjhg2pg,24,captcha_quiz_a,Transcribe,1642793480,10,0,0
s212bl11,4,vv8gyox1,40,captcha_quiz_a,Transcribe,1642793483,18,0,0
s212bl11,5,68go05re,42,captcha_quiz_a,Transcribe,1642793484,19,0,0
s212bl11,8,huygsgk8,14,captcha_quiz_a,Transcribe,1642793486,5,0,0
s212bl11,4,vv8gyox1,42,captcha_quiz_a,Transcribe,1642793491,19,0,0
s212bl11,5,68go05re,44,captcha_quiz_a,Transcribe,1642793491,20,0,0
s212bl11,6,nfjhg2pg,26,captcha_quiz_a,Transcribe,1642793492,11,0,0
s212bl11,8,huygsgk8,16,captcha_quiz_a,Transcribe,1642793493,6,0,0
s212bl11,12,zbfvskdd,6,captcha_quiz_a,Transcribe,1642793494,1,0,0
s212bl11,4,vv8gyox1,44,captcha_quiz_a,Transcribe,1642793497,20,0,0
s212bl11,8,huygsgk8,18,captcha_quiz_a,Transcribe,1642793500,7,0,0
s212bl11,12,zbfvskdd,8,captcha_quiz_a,Transcribe,1642793501,2,0,0
s212bl11,6,nfjhg2pg,28,captcha_quiz_a,Transcribe,1642793502,12,0,0
s212bl11,5,68go05re,46,captcha_quiz_a,Transcribe,1642793506,21,0,0
s212bl11,12,zbfvskdd,10,captcha_quiz_a,Transcribe,1642793507,3,0,0
s212bl11,8,huygsgk8,20,captcha_quiz_a,Transcribe,1642793508,8,0,0
s212bl11,6,nfjhg2pg,30,captcha_quiz_a,Transcribe,1642793512,13,0,0
s212bl11,5,68go05re,48,captcha_quiz_a,Transcribe,1642793512,22,0,0
s212bl11,8,huygsgk8,22,captcha_quiz_a,Transcribe,1642793515,9,0,0
s212bl11,12,zbfvskdd,12,captcha_quiz_a,Transcribe,1642793516,4,0,0
s212bl11,5,68go05re,50,captcha_quiz_a,Transcribe,1642793519,23,0,0
s212bl11,6,nfjhg2pg,32,captcha_quiz_a,Transcribe,1642793520,14,0,0
s212bl11,4,vv8gyox1,46,captcha_quiz_a,Transcribe,1642793521,21,0,0
s212bl11,8,huygsgk8,24,captcha_quiz_a,Transcribe,1642793521,10,0,0
s212bl11,12,zbfvskdd,14,captcha_quiz_a,Transcribe,1642793521,5,0,0
s212bl11,5,68go05re,52,captcha_quiz_a,Transcribe,1642793526,24,0,0
s212bl11,12,zbfvskdd,16,captcha_quiz_a,Transcribe,1642793526,6,0,0
s212bl11,8,huygsgk8,26,captcha_quiz_a,Transcribe,1642793526,11,0,0
s212bl11,4,vv8gyox1,48,captcha_quiz_a,Transcribe,1642793527,22,0,0
s212bl11,6,nfjhg2pg,34,captcha_quiz_a,Transcribe,1642793528,15,0,0
s212bl11,5,68go05re,54,captcha_quiz_a,Transcribe,1642793533,25,0,0
s212bl11,4,vv8gyox1,50,captcha_quiz_a,Transcribe,1642793533,23,0,0
s212bl11,12,zbfvskdd,18,captcha_quiz_a,Transcribe,1642793533,7,0,0
s212bl11,6,nfjhg2pg,36,captcha_quiz_a,Transcribe,1642793536,16,0,0
s212bl11,8,huygsgk8,28,captcha_quiz_a,Transcribe,1642793537,12,0,0
s212bl11,12,zbfvskdd,20,captcha_quiz_a,Transcribe,1642793538,8,0,0
s212bl11,4,vv8gyox1,52,captcha_quiz_a,Transcribe,1642793539,24,0,0
s212bl11,5,68go05re,56,captcha_quiz_a,Transcribe,1642793540,26,0,0
s212bl11,6,nfjhg2pg,38,captcha_quiz_a,Transcribe,1642793543,17,0,0
s212bl11,8,huygsgk8,30,captcha_quiz_a,Transcribe,1642793543,13,0,0
s212bl11,12,zbfvskdd,22,captcha_quiz_a,Transcribe,1642793544,9,0,0
s212bl11,4,vv8gyox1,54,captcha_quiz_a,Transcribe,1642793544,25,0,0
s212bl11,5,68go05re,58,captcha_quiz_a,Transcribe,1642793547,27,0,0
s212bl11,8,huygsgk8,32,captcha_quiz_a,Transcribe,1642793549,14,0,0
s212bl11,12,zbfvskdd,24,captcha_quiz_a,Transcribe,1642793549,10,0,0
s212bl11,6,nfjhg2pg,40,captcha_quiz_a,Transcribe,1642793552,18,0,0
s212bl11,4,vv8gyox1,56,captcha_quiz_a,Transcribe,1642793552,26,0,0
s212bl11,5,68go05re,60,captcha_quiz_a,Transcribe,1642793552,28,0,0
s212bl11,12,zbfvskdd,26,captcha_quiz_a,Transcribe,1642793554,11,0,0
s212bl11,4,vv8gyox1,58,captcha_quiz_a,Transcribe,1642793558,27,0,0
s212bl11,8,huygsgk8,34,captcha_quiz_a,Transcribe,1642793559,15,0,0
s212bl11,5,68go05re,62,captcha_quiz_a,Transcribe,1642793562,29,0,0
s212bl11,12,zbfvskdd,28,captcha_quiz_a,Transcribe,1642793562,12,0,0
s212bl11,6,nfjhg2pg,42,captcha_quiz_a,Transcribe,1642793563,19,0,0
s212bl11,4,vv8gyox1,60,captcha_quiz_a,Transcribe,1642793564,28,0,0
s212bl11,8,huygsgk8,36,captcha_quiz_a,Transcribe,1642793566,16,0,0
s212bl11,5,68go05re,64,captcha_quiz_a,Transcribe,1642793567,30,0,0
s212bl11,12,zbfvskdd,30,captcha_quiz_a,Transcribe,1642793567,13,0,0
s212bl11,11,eqn50upz,5,start_cont,comprehension_test,1642793570,1,0,0
s212bl11,8,huygsgk8,38,captcha_quiz_a,Transcribe,1642793571,17,0,0
s212bl11,4,vv8gyox1,62,captcha_quiz_a,Transcribe,1642793571,29,0,0
s212bl11,12,zbfvskdd,32,captcha_quiz_a,Transcribe,1642793573,14,0,0
s212bl11,4,vv8gyox1,64,captcha_quiz_a,Transcribe,1642793576,30,0,0
s212bl11,6,nfjhg2pg,44,captcha_quiz_a,Transcribe,1642793576,20,0,0
s212bl11,8,huygsgk8,40,captcha_quiz_a,Transcribe,1642793577,18,0,0
s212bl11,15,n1g8kttl,0,,InitializeParticipant,1642793577,1,0,0
s212bl11,12,zbfvskdd,34,captcha_quiz_a,Transcribe,1642793578,15,0,0
s212bl11,12,zbfvskdd,36,captcha_quiz_a,Transcribe,1642793583,16,0,0
s212bl11,8,huygsgk8,42,captcha_quiz_a,Transcribe,1642793583,19,0,0
s212bl11,15,n1g8kttl,1,start_1,MyPage,1642793586,1,0,0
s212bl11,8,huygsgk8,44,captcha_quiz_a,Transcribe,1642793590,20,0,0
s212bl11,4,vv8gyox1,65,captcha_quiz_a,Wait_for_timer,1642793590,30,1,0
s212bl11,1,b5eh329j,66,exclusion,Wait_start,1642793590,1,0,1
s212bl11,2,9cut4edv,66,exclusion,Wait_start,1642793590,1,0,1
s212bl11,3,sjelrbgh,66,exclusion,Wait_start,1642793590,1,0,1
s212bl11,4,vv8gyox1,66,exclusion,Wait_start,1642793590,1,0,1
s212bl11,12,zbfvskdd,38,captcha_quiz_a,Transcribe,1642793592,17,0,0
s212bl11,11,eqn50upz,6,captcha_quiz_a,Transcribe,1642793593,1,0,0
s212bl11,8,huygsgk8,46,captcha_quiz_a,Transcribe,1642793596,21,0,0
s212bl11,5,68go05re,65,captcha_quiz_a,Wait_for_timer,1642793597,30,1,0
s212bl11,6,nfjhg2pg,46,captcha_quiz_a,Transcribe,1642793597,21,0,0
s212bl11,6,nfjhg2pg,48,captcha_quiz_a,Transcribe,1642793599,22,1,0
s212bl11,12,zbfvskdd,40,captcha_quiz_a,Transcribe,1642793600,18,0,0
s212bl11,11,eqn50upz,8,captcha_quiz_a,Transcribe,1642793601,2,0,0
s212bl11,16,dzzifevh,0,,InitializeParticipant,1642793602,1,0,0
s212bl11,8,huygsgk8,48,captcha_quiz_a,Transcribe,1642793602,22,0,0
s212bl11,13,09chmwa2,2,start,GBAT,1642793605,1,0,1
s212bl11,12,zbfvskdd,42,captcha_quiz_a,Transcribe,1642793606,19,0,0
s212bl11,17,0s95mmg9,0,,InitializeParticipant,1642793606,1,0,0
s212bl11,11,eqn50upz,10,captcha_quiz_a,Transcribe,1642793607,3,0,0
s212bl11,8,huygsgk8,50,captcha_quiz_a,Transcribe,1642793610,23,0,0
s212bl11,16,dzzifevh,1,start_1,MyPage,1642793611,1,0,0
s212bl11,17,0s95mmg9,1,start_1,MyPage,1642793613,1,0,0
s212bl11,7,xx8qrfep,26,captcha_quiz_a,Transcribe,1642793614,11,1,0
s212bl11,11,eqn50upz,12,captcha_quiz_a,Transcribe,1642793614,4,0,0
s212bl11,12,zbfvskdd,44,captcha_quiz_a,Transcribe,1642793614,20,0,0
s212bl11,8,huygsgk8,52,captcha_quiz_a,Transcribe,1642793617,24,0,0
s212bl11,18,bjhragiq,0,,InitializeParticipant,1642793618,1,0,0
s212bl11,11,eqn50upz,14,captcha_quiz_a,Transcribe,1642793620,5,0,0
s212bl11,18,bjhragiq,1,start_1,MyPage,1642793621,1,0,0
s212bl11,15,n1g8kttl,2,start,GBAT,1642793621,1,0,1
s212bl11,16,dzzifevh,2,start,GBAT,1642793621,1,0,1
s212bl11,17,0s95mmg9,2,start,GBAT,1642793621,1,0,1
s212bl11,18,bjhragiq,2,start,GBAT,1642793621,1,0,1
s212bl11,8,huygsgk8,54,captcha_quiz_a,Transcribe,1642793623,25,0,0
s212bl11,12,zbfvskdd,46,captcha_quiz_a,Transcribe,1642793624,21,0,0
s212bl11,11,eqn50upz,16,captcha_quiz_a,Transcribe,1642793626,6,0,0
s212bl11,18,bjhragiq,3,start_cont,MyPage,1642793627,1,0,0
s212bl11,12,zbfvskdd,48,captcha_quiz_a,Transcribe,1642793629,22,0,0
s212bl11,18,bjhragiq,4,start_cont,effort,1642793631,1,0,0
s212bl11,8,huygsgk8,56,captcha_quiz_a,Transcribe,1642793632,26,0,0
s212bl11,17,0s95mmg9,3,start_cont,MyPage,1642793634,1,0,0
s212bl11,11,eqn50upz,18,captcha_quiz_a,Transcribe,1642793634,7,0,0
s212bl11,12,zbfvskdd,50,captcha_quiz_a,Transcribe,1642793636,23,0,0
s212bl11,8,huygsgk8,58,captcha_quiz_a,Transcribe,1642793637,27,0,0
s212bl11,11,eqn50upz,20,captcha_quiz_a,Transcribe,1642793640,8,0,0
s212bl11,16,dzzifevh,3,start_cont,MyPage,1642793640,1,0,0
s212bl11,4,vv8gyox1,67,exclusion,Introduction,1642793642,1,0,0
s212bl11,12,zbfvskdd,52,captcha_quiz_a,Transcribe,1642793642,24,0,0
s212bl11,8,huygsgk8,60,captcha_quiz_a,Transcribe,1642793643,28,0,0
s212bl11,11,eqn50upz,22,captcha_quiz_a,Transcribe,1642793646,9,0,0
s212bl11,19,myp6fop1,0,,InitializeParticipant,1642793647,1,0,0
s212bl11,12,zbfvskdd,54,captcha_quiz_a,Transcribe,1642793647,25,0,0
s212bl11,8,huygsgk8,62,captcha_quiz_a,Transcribe,1642793649,29,0,0
s212bl11,2,9cut4edv,67,exclusion,Introduction,1642793649,1,0,0
s212bl11,3,sjelrbgh,67,exclusion,Introduction,1642793652,1,0,0
s212bl11,11,eqn50upz,24,captcha_quiz_a,Transcribe,1642793652,10,0,0
s212bl11,12,zbfvskdd,56,captcha_quiz_a,Transcribe,1642793653,26,0,0
s212bl11,8,huygsgk8,64,captcha_quiz_a,Transcribe,1642793654,30,0,0
s212bl11,4,vv8gyox1,68,exclusion,benef_start,1642793656,1,0,0
s212bl11,11,eqn50upz,26,captcha_quiz_a,Transcribe,1642793658,11,0,0
s212bl11,15,n1g8kttl,3,start_cont,MyPage,1642793658,1,0,0
s212bl11,12,zbfvskdd,58,captcha_quiz_a,Transcribe,1642793659,27,0,0
s212bl11,20,4v8cx28p,0,,InitializeParticipant,1642793659,1,0,0
s212bl11,20,4v8cx28p,1,start_1,MyPage,1642793662,1,0,0
s212bl11,12,zbfvskdd,60,captcha_quiz_a,Transcribe,1642793663,28,0,0
s212bl11,11,eqn50upz,28,captcha_quiz_a,Transcribe,1642793665,12,0,0
s212bl11,12,zbfvskdd,62,captcha_quiz_a,Transcribe,1642793668,29,0,0
s212bl11,11,eqn50upz,30,captcha_quiz_a,Transcribe,1642793671,13,0,0
s212bl11,17,0s95mmg9,4,start_cont,effort,1642793672,1,0,0
s212bl11,12,zbfvskdd,64,captcha_quiz_a,Transcribe,1642793673,30,0,0
s212bl11,16,dzzifevh,4,start_cont,effort,1642793676,1,0,0
s212bl11,11,eqn50upz,32,captcha_quiz_a,Transcribe,1642793677,14,0,0
s212bl11,15,n1g8kttl,4,start_cont,effort,1642793682,1,0,0
s212bl11,11,eqn50upz,34,captcha_quiz_a,Transcribe,1642793682,15,0,0
s212bl11,11,eqn50upz,36,captcha_quiz_a,Transcribe,1642793688,16,0,0
s212bl11,8,huygsgk8,65,captcha_quiz_a,Wait_for_timer,1642793688,30,1,0
s212bl11,5,68go05re,66,exclusion,Wait_start,1642793688,1,0,1
s212bl11,6,nfjhg2pg,66,exclusion,Wait_start,1642793688,1,0,1
s212bl11,7,xx8qrfep,66,exclusion,Wait_start,1642793688,1,0,1
s212bl11,8,huygsgk8,66,exclusion,Wait_start,1642793688,1,0,1
s212bl11,11,eqn50upz,38,captcha_quiz_a,Transcribe,1642793692,17,0,0
s212bl11,16,dzzifevh,5,start_cont,comprehension_test,1642793697,1,0,0
s212bl11,17,0s95mmg9,5,start_cont,comprehension_test,1642793700,1,0,0
s212bl11,11,eqn50upz,40,captcha_quiz_a,Transcribe,1642793702,18,0,0
s212bl11,21,dd4yx7q0,0,,InitializeParticipant,1642793702,1,0,0
s212bl11,16,dzzifevh,6,captcha_quiz_a,Transcribe,1642793704,1,0,0
s212bl11,17,0s95mmg9,6,captcha_quiz_a,Transcribe,1642793706,1,0,0
s212bl11,11,eqn50upz,42,captcha_quiz_a,Transcribe,1642793710,19,0,0
s212bl11,16,dzzifevh,8,captcha_quiz_a,Transcribe,1642793710,2,0,0
s212bl11,15,n1g8kttl,5,start_cont,comprehension_test,1642793712,1,0,0
s212bl11,17,0s95mmg9,8,captcha_quiz_a,Transcribe,1642793712,2,0,0
s212bl11,21,dd4yx7q0,1,start_1,MyPage,1642793714,1,0,0
s212bl11,16,dzzifevh,10,captcha_quiz_a,Transcribe,1642793714,3,0,0
s212bl11,11,eqn50upz,44,captcha_quiz_a,Transcribe,1642793717,20,0,0
s212bl11,17,0s95mmg9,10,captcha_quiz_a,Transcribe,1642793717,3,0,0
s212bl11,5,68go05re,67,exclusion,Introduction,1642793719,1,0,0
s212bl11,6,nfjhg2pg,67,exclusion,Introduction,1642793719,1,0,0
s212bl11,16,dzzifevh,12,captcha_quiz_a,Transcribe,1642793720,4,0,0
s212bl11,12,zbfvskdd,65,captcha_quiz_a,Wait_for_timer,1642793720,30,1,0
s212bl11,17,0s95mmg9,12,captcha_quiz_a,Transcribe,1642793722,4,0,0
s212bl11,17,0s95mmg9,14,captcha_quiz_a,Transcribe,1642793726,5,0,0
s212bl11,16,dzzifevh,14,captcha_quiz_a,Transcribe,1642793727,5,0,0
s212bl11,17,0s95mmg9,16,captcha_quiz_a,Transcribe,1642793730,6,0,0
s212bl11,7,xx8qrfep,67,exclusion,Introduction,1642793731,1,0,0
s212bl11,8,huygsgk8,67,exclusion,Introduction,1642793732,1,0,0
s212bl11,15,n1g8kttl,6,captcha_quiz_a,Transcribe,1642793734,1,0,0
s212bl11,17,0s95mmg9,18,captcha_quiz_a,Transcribe,1642793735,7,0,0
s212bl11,16,dzzifevh,16,captcha_quiz_a,Transcribe,1642793735,6,0,0
s212bl11,11,eqn50upz,46,captcha_quiz_a,Transcribe,1642793736,21,0,0
s212bl11,17,0s95mmg9,20,captcha_quiz_a,Transcribe,1642793739,8,0,0
s212bl11,16,dzzifevh,18,captcha_quiz_a,Transcribe,1642793740,7,0,0
s212bl11,11,eqn50upz,48,captcha_quiz_a,Transcribe,1642793741,22,0,0
s212bl11,17,0s95mmg9,22,captcha_quiz_a,Transcribe,1642793743,9,0,0
s212bl11,15,n1g8kttl,8,captcha_quiz_a,Transcribe,1642793745,2,0,0
s212bl11,16,dzzifevh,20,captcha_quiz_a,Transcribe,1642793747,8,0,0
s212bl11,17,0s95mmg9,24,captcha_quiz_a,Transcribe,1642793747,10,0,0
s212bl11,17,0s95mmg9,26,captcha_quiz_a,Transcribe,1642793750,11,0,0
s212bl11,16,dzzifevh,22,captcha_quiz_a,Transcribe,1642793751,9,0,0
s212bl11,15,n1g8kttl,10,captcha_quiz_a,Transcribe,1642793753,3,0,0
s212bl11,16,dzzifevh,24,captcha_quiz_a,Transcribe,1642793755,10,0,0
s212bl11,17,0s95mmg9,28,captcha_quiz_a,Transcribe,1642793755,12,0,0
s212bl11,17,0s95mmg9,30,captcha_quiz_a,Transcribe,1642793759,13,0,0
s212bl11,7,xx8qrfep,68,exclusion,benef_start,1642793759,1,0,0
s212bl11,5,68go05re,69,exclusion,wait_for_benef_1,1642793760,1,0,1
s212bl11,6,nfjhg2pg,69,exclusion,wait_for_benef_1,1642793760,1,0,1
s212bl11,7,xx8qrfep,69,exclusion,wait_for_benef_1,1642793760,1,0,1
s212bl11,8,huygsgk8,69,exclusion,wait_for_benef_1,1642793760,1,0,1
s212bl11,16,dzzifevh,26,captcha_quiz_a,Transcribe,1642793762,11,0,0
s212bl11,15,n1g8kttl,12,captcha_quiz_a,Transcribe,1642793762,4,0,0
s212bl11,17,0s95mmg9,32,captcha_quiz_a,Transcribe,1642793763,14,0,0
s212bl11,11,eqn50upz,50,captcha_quiz_a,Transcribe,1642793765,23,0,0
s212bl11,17,0s95mmg9,34,captcha_quiz_a,Transcribe,1642793766,15,0,0
s212bl11,17,0s95mmg9,36,captcha_quiz_a,Transcribe,1642793770,16,0,0
s212bl11,15,n1g8kttl,14,captcha_quiz_a,Transcribe,1642793771,5,0,0
s212bl11,11,eqn50upz,52,captcha_quiz_a,Transcribe,1642793772,24,0,0
s212bl11,17,0s95mmg9,38,captcha_quiz_a,Transcribe,1642793773,17,0,0
s212bl11,11,eqn50upz,54,captcha_quiz_a,Transcribe,1642793778,25,0,0
s212bl11,15,n1g8kttl,16,captcha_quiz_a,Transcribe,1642793778,6,0,0
s212bl11,16,dzzifevh,28,captcha_quiz_a,Transcribe,1642793780,12,0,0
s212bl11,17,0s95mmg9,40,captcha_quiz_a,Transcribe,1642793781,18,0,0
s212bl11,11,eqn50upz,56,captcha_quiz_a,Transcribe,1642793783,26,0,0
s212bl11,5,68go05re,70,exclusion,benef_2,1642793784,1,0,0
s212bl11,5,68go05re,71,exclusion,wait_for_benef_2,1642793784,1,0,1
s212bl11,6,nfjhg2pg,71,exclusion,wait_for_benef_2,1642793784,1,0,1
s212bl11,7,xx8qrfep,71,exclusion,wait_for_benef_2,1642793784,1,0,1
s212bl11,8,huygsgk8,71,exclusion,wait_for_benef_2,1642793784,1,0,1
s212bl11,16,dzzifevh,30,captcha_quiz_a,Transcribe,1642793785,13,0,0
s212bl11,15,n1g8kttl,18,captcha_quiz_a,Transcribe,1642793787,7,0,0
s212bl11,17,0s95mmg9,42,captcha_quiz_a,Transcribe,1642793787,19,0,0
s212bl11,11,eqn50upz,58,captcha_quiz_a,Transcribe,1642793788,27,0,0
s212bl11,16,dzzifevh,32,captcha_quiz_a,Transcribe,1642793790,14,0,0
s212bl11,17,0s95mmg9,44,captcha_quiz_a,Transcribe,1642793793,20,0,0
s212bl11,11,eqn50upz,60,captcha_quiz_a,Transcribe,1642793793,28,0,0
s212bl11,16,dzzifevh,34,captcha_quiz_a,Transcribe,1642793793,15,0,0
s212bl11,22,7nycj2hw,0,,InitializeParticipant,1642793793,1,0,0
s212bl11,6,nfjhg2pg,72,exclusion,benef_3,1642793797,1,0,0
s212bl11,22,7nycj2hw,1,start_1,MyPage,1642793797,1,0,0
s212bl11,5,68go05re,73,exclusion,wait_for_benef_3,1642793797,1,0,1
s212bl11,6,nfjhg2pg,73,exclusion,wait_for_benef_3,1642793797,1,0,1
s212bl11,7,xx8qrfep,73,exclusion,wait_for_benef_3,1642793797,1,0,1
s212bl11,8,huygsgk8,73,exclusion,wait_for_benef_3,1642793797,1,0,1
s212bl11,11,eqn50upz,62,captcha_quiz_a,Transcribe,1642793798,29,0,0
s212bl11,17,0s95mmg9,46,captcha_quiz_a,Transcribe,1642793798,21,0,0
s212bl11,16,dzzifevh,36,captcha_quiz_a,Transcribe,1642793800,16,0,0
s212bl11,15,n1g8kttl,20,captcha_quiz_a,Transcribe,1642793801,8,0,0
s212bl11,17,0s95mmg9,48,captcha_quiz_a,Transcribe,1642793802,22,0,0
s212bl11,11,eqn50upz,64,captcha_quiz_a,Transcribe,1642793802,30,0,0
s212bl11,16,dzzifevh,38,captcha_quiz_a,Transcribe,1642793803,17,0,0
s212bl11,17,0s95mmg9,50,captcha_quiz_a,Transcribe,1642793807,23,0,0
s212bl11,16,dzzifevh,40,captcha_quiz_a,Transcribe,1642793809,18,0,0
s212bl11,15,n1g8kttl,22,captcha_quiz_a,Transcribe,1642793809,9,0,0
s212bl11,17,0s95mmg9,52,captcha_quiz_a,Transcribe,1642793811,24,0,0
s212bl11,11,eqn50upz,65,captcha_quiz_a,Wait_for_timer,1642793811,30,1,0
s212bl11,7,xx8qrfep,74,exclusion,benef_4,1642793812,1,0,0
s212bl11,5,68go05re,75,exclusion,wait_for_benef_4,1642793812,1,0,1
s212bl11,6,nfjhg2pg,75,exclusion,wait_for_benef_4,1642793812,1,0,1
s212bl11,7,xx8qrfep,75,exclusion,wait_for_benef_4,1642793812,1,0,1
s212bl11,8,huygsgk8,75,exclusion,wait_for_benef_4,1642793812,1,0,1
s212bl11,16,dzzifevh,42,captcha_quiz_a,Transcribe,1642793814,19,0,0
s212bl11,17,0s95mmg9,54,captcha_quiz_a,Transcribe,1642793815,25,0,0
s212bl11,15,n1g8kttl,24,captcha_quiz_a,Transcribe,1642793816,10,0,0
s212bl11,17,0s95mmg9,56,captcha_quiz_a,Transcribe,1642793820,26,0,0
s212bl11,16,dzzifevh,44,captcha_quiz_a,Transcribe,1642793821,20,0,0
s212bl11,23,l96wlf1z,0,,InitializeParticipant,1642793821,1,0,0
s212bl11,17,0s95mmg9,58,captcha_quiz_a,Transcribe,1642793823,27,0,0
s212bl11,15,n1g8kttl,26,captcha_quiz_a,Transcribe,1642793824,11,0,0
s212bl11,17,0s95mmg9,60,captcha_quiz_a,Transcribe,1642793827,28,0,0
s212bl11,8,huygsgk8,76,exclusion,benef_5,1642793828,1,0,0
s212bl11,5,68go05re,77,exclusion,wait_for_benef_5,1642793828,1,0,1
s212bl11,6,nfjhg2pg,77,exclusion,wait_for_benef_5,1642793828,1,0,1
s212bl11,7,xx8qrfep,77,exclusion,wait_for_benef_5,1642793828,1,0,1
s212bl11,8,huygsgk8,77,exclusion,wait_for_benef_5,1642793828,1,0,1
s212bl11,16,dzzifevh,46,captcha_quiz_a,Transcribe,1642793829,21,0,0
s212bl11,15,n1g8kttl,28,captcha_quiz_a,Transcribe,1642793832,12,0,0
s212bl11,17,0s95mmg9,62,captcha_quiz_a,Transcribe,1642793832,29,0,0
s212bl11,23,l96wlf1z,1,start_1,MyPage,1642793833,1,0,0
s212bl11,17,0s95mmg9,64,captcha_quiz_a,Transcribe,1642793836,30,0,0
s212bl11,16,dzzifevh,48,captcha_quiz_a,Transcribe,1642793836,22,0,0
s212bl11,15,n1g8kttl,30,captcha_quiz_a,Transcribe,1642793840,13,0,0
s212bl11,16,dzzifevh,50,captcha_quiz_a,Transcribe,1642793841,23,0,0
s212bl11,15,n1g8kttl,32,captcha_quiz_a,Transcribe,1642793845,14,0,0
s212bl11,16,dzzifevh,52,captcha_quiz_a,Transcribe,1642793847,24,0,0
s212bl11,24,743intyb,0,,InitializeParticipant,1642793850,1,0,0
s212bl11,15,n1g8kttl,34,captcha_quiz_a,Transcribe,1642793852,15,0,0
s212bl11,16,dzzifevh,54,captcha_quiz_a,Transcribe,1642793852,25,0,0
s212bl11,16,dzzifevh,56,captcha_quiz_a,Transcribe,1642793856,26,0,0
s212bl11,24,743intyb,1,start_1,MyPage,1642793857,1,0,0
s212bl11,21,dd4yx7q0,2,start,GBAT,1642793857,1,0,1
s212bl11,22,7nycj2hw,2,start,GBAT,1642793857,1,0,1
s212bl11,23,l96wlf1z,2,start,GBAT,1642793857,1,0,1
s212bl11,24,743intyb,2,start,GBAT,1642793857,1,0,1
s212bl11,15,n1g8kttl,36,captcha_quiz_a,Transcribe,1642793860,16,0,0
s212bl11,6,nfjhg2pg,78,exclusion,benef_6,1642793861,1,0,0
s212bl11,5,68go05re,79,exclusion,wait_for_benef_6,1642793861,1,0,1
s212bl11,6,nfjhg2pg,79,exclusion,wait_for_benef_6,1642793861,1,0,1
s212bl11,7,xx8qrfep,79,exclusion,wait_for_benef_6,1642793861,1,0,1
s212bl11,8,huygsgk8,79,exclusion,wait_for_benef_6,1642793861,1,0,1
s212bl11,16,dzzifevh,58,captcha_quiz_a,Transcribe,1642793861,27,0,0
s212bl11,15,n1g8kttl,38,captcha_quiz_a,Transcribe,1642793865,17,0,0
s212bl11,16,dzzifevh,60,captcha_quiz_a,Transcribe,1642793866,28,0,0
s212bl11,23,l96wlf1z,3,start_cont,MyPage,1642793871,1,0,0
s212bl11,15,n1g8kttl,40,captcha_quiz_a,Transcribe,1642793872,18,0,0
s212bl11,16,dzzifevh,62,captcha_quiz_a,Transcribe,1642793873,29,0,0
s212bl11,8,huygsgk8,80,exclusion,benef_7,1642793876,1,0,0
s212bl11,5,68go05re,81,exclusion,wait_for_benef_7,1642793876,1,0,1
s212bl11,6,nfjhg2pg,81,exclusion,wait_for_benef_7,1642793876,1,0,1
s212bl11,7,xx8qrfep,81,exclusion,wait_for_benef_7,1642793876,1,0,1
s212bl11,8,huygsgk8,81,exclusion,wait_for_benef_7,1642793876,1,0,1
s212bl11,16,dzzifevh,64,captcha_quiz_a,Transcribe,1642793876,30,0,0
s212bl11,23,l96wlf1z,4,start_cont,effort,1642793879,1,0,0
s212bl11,15,n1g8kttl,42,captcha_quiz_a,Transcribe,1642793880,19,0,0
s212bl11,5,68go05re,82,exclusion,benef_8,1642793884,1,0,0
s212bl11,5,68go05re,83,exclusion,wait_for_benef_8,1642793884,1,0,1
s212bl11,6,nfjhg2pg,83,exclusion,wait_for_benef_8,1642793884,1,0,1
s212bl11,7,xx8qrfep,83,exclusion,wait_for_benef_8,1642793884,1,0,1
s212bl11,8,huygsgk8,83,exclusion,wait_for_benef_8,1642793884,1,0,1
s212bl11,15,n1g8kttl,44,captcha_quiz_a,Transcribe,1642793886,20,0,0
s212bl11,24,743intyb,3,start_cont,MyPage,1642793894,1,0,0
s212bl11,8,huygsgk8,84,exclusion,benef_9,1642793895,1,0,0
s212bl11,5,68go05re,85,exclusion,wait_for_benef_9,1642793895,1,0,1
s212bl11,6,nfjhg2pg,85,exclusion,wait_for_benef_9,1642793895,1,0,1
s212bl11,7,xx8qrfep,85,exclusion,wait_for_benef_9,1642793895,1,0,1
s212bl11,8,huygsgk8,85,exclusion,wait_for_benef_9,1642793895,1,0,1
s212bl11,22,7nycj2hw,3,start_cont,MyPage,1642793895,1,0,0
s212bl11,15,n1g8kttl,46,captcha_quiz_a,Transcribe,1642793897,21,0,0
s212bl11,6,nfjhg2pg,86,exclusion,benef_10,1642793897,1,0,0
s212bl11,5,68go05re,87,exclusion,wait_for_benef_10,1642793897,1,0,1
s212bl11,6,nfjhg2pg,87,exclusion,wait_for_benef_10,1642793897,1,0,1
s212bl11,7,xx8qrfep,87,exclusion,wait_for_benef_10,1642793897,1,0,1
s212bl11,8,huygsgk8,87,exclusion,wait_for_benef_10,1642793897,1,0,1
s212bl11,15,n1g8kttl,48,captcha_quiz_a,Transcribe,1642793903,22,0,0
s212bl11,15,n1g8kttl,50,captcha_quiz_a,Transcribe,1642793911,23,0,0
s212bl11,5,68go05re,88,exclusion,benef_11,1642793913,1,0,0
s212bl11,5,68go05re,89,exclusion,wait_for_benef_11,1642793914,1,0,1
s212bl11,6,nfjhg2pg,89,exclusion,wait_for_benef_11,1642793914,1,0,1
s212bl11,7,xx8qrfep,89,exclusion,wait_for_benef_11,1642793914,1,0,1
s212bl11,8,huygsgk8,89,exclusion,wait_for_benef_11,1642793914,1,0,1
s212bl11,24,743intyb,4,start_cont,effort,1642793914,1,0,0
s212bl11,6,nfjhg2pg,90,exclusion,benef_12,1642793916,1,0,0
s212bl11,5,68go05re,91,exclusion,wait_for_benef_12,1642793916,1,0,1
s212bl11,6,nfjhg2pg,91,exclusion,wait_for_benef_12,1642793916,1,0,1
s212bl11,7,xx8qrfep,91,exclusion,wait_for_benef_12,1642793916,1,0,1
s212bl11,8,huygsgk8,91,exclusion,wait_for_benef_12,1642793916,1,0,1
s212bl11,15,n1g8kttl,52,captcha_quiz_a,Transcribe,1642793917,24,0,0
s212bl11,1,b5eh329j,67,exclusion,Introduction,1642793919,1,0,0
s212bl11,1,b5eh329j,69,exclusion,wait_for_benef_1,1642793919,1,0,1
s212bl11,2,9cut4edv,69,exclusion,wait_for_benef_1,1642793919,1,0,1
s212bl11,3,sjelrbgh,69,exclusion,wait_for_benef_1,1642793919,1,0,1
s212bl11,4,vv8gyox1,69,exclusion,wait_for_benef_1,1642793919,1,0,1
s212bl11,22,7nycj2hw,4,start_cont,effort,1642793921,1,0,0
s212bl11,15,n1g8kttl,54,captcha_quiz_a,Transcribe,1642793923,25,0,0
s212bl11,7,xx8qrfep,92,exclusion,benef_13,1642793927,1,0,0
s212bl11,5,68go05re,93,exclusion,wait_for_benef_13,1642793928,1,0,1
s212bl11,6,nfjhg2pg,93,exclusion,wait_for_benef_13,1642793928,1,0,1
s212bl11,7,xx8qrfep,93,exclusion,wait_for_benef_13,1642793928,1,0,1
s212bl11,8,huygsgk8,93,exclusion,wait_for_benef_13,1642793928,1,0,1
s212bl11,23,l96wlf1z,5,start_cont,comprehension_test,1642793929,1,0,0
s212bl11,21,dd4yx7q0,3,start_cont,MyPage,1642793930,1,0,0
s212bl11,15,n1g8kttl,56,captcha_quiz_a,Transcribe,1642793930,26,0,0
s212bl11,24,743intyb,5,start_cont,comprehension_test,1642793933,1,0,0
s212bl11,15,n1g8kttl,58,captcha_quiz_a,Transcribe,1642793937,27,0,0
s212bl11,16,dzzifevh,65,captcha_quiz_a,Wait_for_timer,1642793938,30,1,0
s212bl11,24,743intyb,6,captcha_quiz_a,Transcribe,1642793940,1,0,0
s212bl11,5,68go05re,94,exclusion,benef_14,1642793940,1,0,0
s212bl11,5,68go05re,95,exclusion,wait_for_benef_14,1642793940,1,0,1
s212bl11,6,nfjhg2pg,95,exclusion,wait_for_benef_14,1642793940,1,0,1
s212bl11,7,xx8qrfep,95,exclusion,wait_for_benef_14,1642793940,1,0,1
s212bl11,8,huygsgk8,95,exclusion,wait_for_benef_14,1642793940,1,0,1
s212bl11,17,0s95mmg9,65,captcha_quiz_a,Wait_for_timer,1642793940,30,1,0
s212bl11,2,9cut4edv,70,exclusion,benef_2,1642793941,1,0,0
s212bl11,1,b5eh329j,71,exclusion,wait_for_benef_2,1642793941,1,0,1
s212bl11,2,9cut4edv,71,exclusion,wait_for_benef_2,1642793941,1,0,1
s212bl11,3,sjelrbgh,71,exclusion,wait_for_benef_2,1642793941,1,0,1
s212bl11,4,vv8gyox1,71,exclusion,wait_for_benef_2,1642793941,1,0,1
s212bl11,15,n1g8kttl,60,captcha_quiz_a,Transcribe,1642793943,28,0,0
s212bl11,24,743intyb,8,captcha_quiz_a,Transcribe,1642793945,2,0,0
s212bl11,23,l96wlf1z,6,captcha_quiz_a,Transcribe,1642793946,1,0,0
s212bl11,7,xx8qrfep,96,exclusion,benef_15,1642793949,1,0,0
s212bl11,5,68go05re,97,exclusion,wait_for_benef_15,1642793949,1,0,1
s212bl11,6,nfjhg2pg,97,exclusion,wait_for_benef_15,1642793949,1,0,1
s212bl11,7,xx8qrfep,97,exclusion,wait_for_benef_15,1642793949,1,0,1
s212bl11,8,huygsgk8,97,exclusion,wait_for_benef_15,1642793949,1,0,1
s212bl11,15,n1g8kttl,62,captcha_quiz_a,Transcribe,1642793949,29,0,0
s212bl11,24,743intyb,10,captcha_quiz_a,Transcribe,1642793949,3,0,0
s212bl11,15,n1g8kttl,64,captcha_quiz_a,Transcribe,1642793953,30,1,0
s212bl11,24,743intyb,12,captcha_quiz_a,Transcribe,1642793955,4,0,0
s212bl11,23,l96wlf1z,8,captcha_quiz_a,Transcribe,1642793956,2,0,0
s212bl11,8,huygsgk8,98,exclusion,benef_16,1642793960,1,0,0
s212bl11,5,68go05re,99,exclusion,wait_for_benef_16,1642793960,1,0,1
s212bl11,6,nfjhg2pg,99,exclusion,wait_for_benef_16,1642793960,1,0,1
s212bl11,7,xx8qrfep,99,exclusion,wait_for_benef_16,1642793960,1,0,1
s212bl11,8,huygsgk8,99,exclusion,wait_for_benef_16,1642793960,1,0,1
s212bl11,1,b5eh329j,72,exclusion,benef_3,1642793962,1,0,0
s212bl11,1,b5eh329j,73,exclusion,wait_for_benef_3,1642793962,1,0,1
s212bl11,2,9cut4edv,73,exclusion,wait_for_benef_3,1642793962,1,0,1
s212bl11,3,sjelrbgh,73,exclusion,wait_for_benef_3,1642793962,1,0,1
s212bl11,4,vv8gyox1,73,exclusion,wait_for_benef_3,1642793962,1,0,1
s212bl11,5,68go05re,100,exclusion,benef_17,1642793963,1,0,0
s212bl11,5,68go05re,101,exclusion,wait_for_benef_17,1642793964,1,0,1
s212bl11,6,nfjhg2pg,101,exclusion,wait_for_benef_17,1642793964,1,0,1
s212bl11,7,xx8qrfep,101,exclusion,wait_for_benef_17,1642793964,1,0,1
s212bl11,8,huygsgk8,101,exclusion,wait_for_benef_17,1642793964,1,0,1
s212bl11,23,l96wlf1z,10,captcha_quiz_a,Transcribe,1642793964,3,0,0
s212bl11,24,743intyb,14,captcha_quiz_a,Transcribe,1642793967,5,0,0
s212bl11,21,dd4yx7q0,4,start_cont,effort,1642793970,1,0,0
s212bl11,24,743intyb,16,captcha_quiz_a,Transcribe,1642793971,6,0,0
s212bl11,8,huygsgk8,102,exclusion,benef_18,1642793972,1,0,0
s212bl11,5,68go05re,103,exclusion,wait_for_benef_18,1642793972,1,0,1
s212bl11,6,nfjhg2pg,103,exclusion,wait_for_benef_18,1642793972,1,0,1
s212bl11,7,xx8qrfep,103,exclusion,wait_for_benef_18,1642793972,1,0,1
s212bl11,8,huygsgk8,103,exclusion,wait_for_benef_18,1642793972,1,0,1
s212bl11,23,l96wlf1z,12,captcha_quiz_a,Transcribe,1642793974,4,0,0
s212bl11,6,nfjhg2pg,104,exclusion,benef_19,1642793975,1,0,0
s212bl11,5,68go05re,105,exclusion,wait_for_benef_19,1642793975,1,0,1
s212bl11,6,nfjhg2pg,105,exclusion,wait_for_benef_19,1642793975,1,0,1
s212bl11,7,xx8qrfep,105,exclusion,wait_for_benef_19,1642793975,1,0,1
s212bl11,8,huygsgk8,105,exclusion,wait_for_benef_19,1642793975,1,0,1
s212bl11,24,743intyb,18,captcha_quiz_a,Transcribe,1642793976,7,0,0
s212bl11,22,7nycj2hw,5,start_cont,comprehension_test,1642793977,1,0,0
s212bl11,3,sjelrbgh,74,exclusion,benef_4,1642793980,1,0,0
s212bl11,1,b5eh329j,75,exclusion,wait_for_benef_4,1642793980,1,0,1
s212bl11,2,9cut4edv,75,exclusion,wait_for_benef_4,1642793980,1,0,1
s212bl11,3,sjelrbgh,75,exclusion,wait_for_benef_4,1642793980,1,0,1
s212bl11,4,vv8gyox1,75,exclusion,wait_for_benef_4,1642793980,1,0,1
s212bl11,23,l96wlf1z,14,captcha_quiz_a,Transcribe,1642793980,5,0,0
s212bl11,7,xx8qrfep,106,exclusion,benef_20,1642793983,1,0,0
s212bl11,24,743intyb,20,captcha_quiz_a,Transcribe,1642793983,8,0,0
s212bl11,5,68go05re,107,exclusion,wait_for_benef_20,1642793983,1,0,1
s212bl11,6,nfjhg2pg,107,exclusion,wait_for_benef_20,1642793983,1,0,1
s212bl11,7,xx8qrfep,107,exclusion,wait_for_benef_20,1642793983,1,0,1
s212bl11,8,huygsgk8,107,exclusion,wait_for_benef_20,1642793983,1,0,1
s212bl11,5,68go05re,108,exclusion,ResultsWaitPage,1642793984,1,0,1
s212bl11,6,nfjhg2pg,108,exclusion,ResultsWaitPage,1642793984,1,0,1
s212bl11,7,xx8qrfep,108,exclusion,ResultsWaitPage,1642793984,1,0,1
s212bl11,8,huygsgk8,108,exclusion,ResultsWaitPage,1642793984,1,0,1
s212bl11,23,l96wlf1z,16,captcha_quiz_a,Transcribe,1642793984,6,0,0
s212bl11,24,743intyb,22,captcha_quiz_a,Transcribe,1642793988,9,0,0
s212bl11,23,l96wlf1z,18,captcha_quiz_a,Transcribe,1642793990,7,0,0
s212bl11,8,huygsgk8,109,exclusion,Results,1642793992,1,0,0
s212bl11,24,743intyb,24,captcha_quiz_a,Transcribe,1642793993,10,0,0
s212bl11,23,l96wlf1z,20,captcha_quiz_a,Transcribe,1642793995,8,0,0
s212bl11,5,68go05re,109,exclusion,Results,1642793995,1,0,0
s212bl11,24,743intyb,26,captcha_quiz_a,Transcribe,1642793997,11,0,0
s212bl11,7,xx8qrfep,109,exclusion,Results,1642793999,1,0,0
s212bl11,23,l96wlf1z,22,captcha_quiz_a,Transcribe,1642794000,9,0,0
s212bl11,22,7nycj2hw,6,captcha_quiz_a,Transcribe,1642794001,1,0,0
s212bl11,24,743intyb,28,captcha_quiz_a,Transcribe,1642794002,12,0,0
s212bl11,23,l96wlf1z,24,captcha_quiz_a,Transcribe,1642794005,10,0,0
s212bl11,24,743intyb,30,captcha_quiz_a,Transcribe,1642794008,13,0,0
s212bl11,23,l96wlf1z,26,captcha_quiz_a,Transcribe,1642794009,11,0,0
s212bl11,22,7nycj2hw,8,captcha_quiz_a,Transcribe,1642794011,2,0,0
s212bl11,24,743intyb,32,captcha_quiz_a,Transcribe,1642794013,14,0,0
s212bl11,23,l96wlf1z,28,captcha_quiz_a,Transcribe,1642794015,12,0,0
s212bl11,24,743intyb,34,captcha_quiz_a,Transcribe,1642794017,15,0,0
s212bl11,21,dd4yx7q0,5,start_cont,comprehension_test,1642794017,1,0,0
s212bl11,6,nfjhg2pg,109,exclusion,Results,1642794017,1,0,0
s212bl11,22,7nycj2hw,10,captcha_quiz_a,Transcribe,1642794019,3,0,0
s212bl11,24,743intyb,36,captcha_quiz_a,Transcribe,1642794023,16,0,0
s212bl11,23,l96wlf1z,30,captcha_quiz_a,Transcribe,1642794024,13,0,0
s212bl11,24,743intyb,38,captcha_quiz_a,Transcribe,1642794027,17,0,0
s212bl11,5,68go05re,110,exclusion,survey,1642794027,1,0,0
s212bl11,23,l96wlf1z,32,captcha_quiz_a,Transcribe,1642794029,14,0,0
s212bl11,22,7nycj2hw,12,captcha_quiz_a,Transcribe,1642794032,4,0,0
s212bl11,24,743intyb,40,captcha_quiz_a,Transcribe,1642794033,18,0,0
s212bl11,23,l96wlf1z,34,captcha_quiz_a,Transcribe,1642794035,15,0,0
s212bl11,21,dd4yx7q0,6,captcha_quiz_a,Transcribe,1642794038,1,0,0
s212bl11,24,743intyb,42,captcha_quiz_a,Transcribe,1642794039,19,0,0
s212bl11,23,l96wlf1z,36,captcha_quiz_a,Transcribe,1642794040,16,0,0
s212bl11,22,7nycj2hw,14,captcha_quiz_a,Transcribe,1642794043,5,0,0
s212bl11,23,l96wlf1z,38,captcha_quiz_a,Transcribe,1642794044,17,0,0
s212bl11,24,743intyb,44,captcha_quiz_a,Transcribe,1642794045,20,0,0
s212bl11,8,huygsgk8,110,exclusion,survey,1642794049,1,0,0
s212bl11,23,l96wlf1z,40,captcha_quiz_a,Transcribe,1642794050,18,0,0
s212bl11,22,7nycj2hw,16,captcha_quiz_a,Transcribe,1642794052,6,0,0
s212bl11,24,743intyb,46,captcha_quiz_a,Transcribe,1642794053,21,0,0
s212bl11,1,b5eh329j,76,exclusion,benef_5,1642794053,1,0,0
s212bl11,1,b5eh329j,77,exclusion,wait_for_benef_5,1642794053,1,0,1
s212bl11,2,9cut4edv,77,exclusion,wait_for_benef_5,1642794053,1,0,1
s212bl11,3,sjelrbgh,77,exclusion,wait_for_benef_5,1642794053,1,0,1
s212bl11,4,vv8gyox1,77,exclusion,wait_for_benef_5,1642794053,1,0,1
s212bl11,21,dd4yx7q0,8,captcha_quiz_a,Transcribe,1642794055,2,0,0
s212bl11,23,l96wlf1z,42,captcha_quiz_a,Transcribe,1642794056,19,0,0
s212bl11,5,68go05re,111,dictator,Introduction,1642794059,1,0,0
s212bl11,24,743intyb,48,captcha_quiz_a,Transcribe,1642794059,22,0,0
s212bl11,23,l96wlf1z,44,captcha_quiz_a,Transcribe,1642794061,20,0,0
s212bl11,22,7nycj2hw,18,captcha_quiz_a,Transcribe,1642794063,7,0,0
s212bl11,24,743intyb,50,captcha_quiz_a,Transcribe,1642794065,23,0,0
s212bl11,7,xx8qrfep,110,exclusion,survey,1642794066,1,0,0
s212bl11,21,dd4yx7q0,10,captcha_quiz_a,Transcribe,1642794067,3,0,0
s212bl11,6,nfjhg2pg,110,exclusion,survey,1642794067,1,0,0
s212bl11,23,l96wlf1z,46,captcha_quiz_a,Transcribe,1642794068,21,0,0
s212bl11,5,68go05re,112,dictator,Offer,1642794069,1,0,0
s212bl11,24,743intyb,52,captcha_quiz_a,Transcribe,1642794071,24,0,0
s212bl11,3,sjelrbgh,78,exclusion,benef_6,1642794071,1,0,0
s212bl11,1,b5eh329j,79,exclusion,wait_for_benef_6,1642794071,1,0,1
s212bl11,2,9cut4edv,79,exclusion,wait_for_benef_6,1642794071,1,0,1
s212bl11,3,sjelrbgh,79,exclusion,wait_for_benef_6,1642794071,1,0,1
s212bl11,4,vv8gyox1,79,exclusion,wait_for_benef_6,1642794071,1,0,1
s212bl11,23,l96wlf1z,48,captcha_quiz_a,Transcribe,1642794072,22,0,0
s212bl11,24,743intyb,54,captcha_quiz_a,Transcribe,1642794076,25,0,0
s212bl11,22,7nycj2hw,20,captcha_quiz_a,Transcribe,1642794076,8,0,0
s212bl11,8,huygsgk8,111,dictator,Introduction,1642794077,1,0,0
s212bl11,23,l96wlf1z,50,captcha_quiz_a,Transcribe,1642794077,23,0,0
s212bl11,23,l96wlf1z,52,captcha_quiz_a,Transcribe,1642794082,24,0,0
s212bl11,21,dd4yx7q0,12,captcha_quiz_a,Transcribe,1642794083,4,0,0
s212bl11,8,huygsgk8,113,dictator,offer_proxy,1642794084,1,0,0
s212bl11,22,7nycj2hw,22,captcha_quiz_a,Transcribe,1642794086,9,0,0
s212bl11,24,743intyb,56,captcha_quiz_a,Transcribe,1642794086,26,0,0
s212bl11,23,l96wlf1z,54,captcha_quiz_a,Transcribe,1642794087,25,0,0
s212bl11,1,b5eh329j,80,exclusion,benef_7,1642794088,1,0,0
s212bl11,1,b5eh329j,81,exclusion,wait_for_benef_7,1642794088,1,0,1
s212bl11,2,9cut4edv,81,exclusion,wait_for_benef_7,1642794088,1,0,1
s212bl11,3,sjelrbgh,81,exclusion,wait_for_benef_7,1642794088,1,0,1
s212bl11,4,vv8gyox1,81,exclusion,wait_for_benef_7,1642794088,1,0,1
s212bl11,24,743intyb,58,captcha_quiz_a,Transcribe,1642794091,27,0,0
s212bl11,6,nfjhg2pg,111,dictator,Introduction,1642794091,1,0,0
s212bl11,23,l96wlf1z,56,captcha_quiz_a,Transcribe,1642794092,26,0,0
s212bl11,7,xx8qrfep,111,dictator,Introduction,1642794095,1,0,0
s212bl11,22,7nycj2hw,24,captcha_quiz_a,Transcribe,1642794095,10,0,0
s212bl11,24,743intyb,60,captcha_quiz_a,Transcribe,1642794095,28,0,0
s212bl11,21,dd4yx7q0,14,captcha_quiz_a,Transcribe,1642794095,5,0,0
s212bl11,6,nfjhg2pg,113,dictator,offer_proxy,1642794096,1,0,0
s212bl11,23,l96wlf1z,58,captcha_quiz_a,Transcribe,1642794097,27,0,0
s212bl11,3,sjelrbgh,82,exclusion,benef_8,1642794098,1,0,0
s212bl11,1,b5eh329j,83,exclusion,wait_for_benef_8,1642794098,1,0,1
s212bl11,2,9cut4edv,83,exclusion,wait_for_benef_8,1642794098,1,0,1
s212bl11,3,sjelrbgh,83,exclusion,wait_for_benef_8,1642794098,1,0,1
s212bl11,4,vv8gyox1,83,exclusion,wait_for_benef_8,1642794098,1,0,1
s212bl11,24,743intyb,62,captcha_quiz_a,Transcribe,1642794100,29,0,0
s212bl11,23,l96wlf1z,60,captcha_quiz_a,Transcribe,1642794100,28,0,0
s212bl11,7,xx8qrfep,113,dictator,offer_proxy,1642794103,1,0,0
s212bl11,5,68go05re,114,dictator,Wait_start,1642794103,1,0,1
s212bl11,7,xx8qrfep,114,dictator,Wait_start,1642794103,1,0,1
s212bl11,24,743intyb,64,captcha_quiz_a,Transcribe,1642794104,30,0,0
s212bl11,23,l96wlf1z,62,captcha_quiz_a,Transcribe,1642794105,29,0,0
s212bl11,22,7nycj2hw,26,captcha_quiz_a,Transcribe,1642794107,11,0,0
s212bl11,21,dd4yx7q0,16,captcha_quiz_a,Transcribe,1642794109,6,0,0
s212bl11,23,l96wlf1z,64,captcha_quiz_a,Transcribe,1642794110,30,0,0
s212bl11,5,68go05re,115,dictator,Results,1642794116,1,0,0
s212bl11,22,7nycj2hw,28,captcha_quiz_a,Transcribe,1642794117,12,0,0
s212bl11,7,xx8qrfep,115,dictator,Results,1642794118,1,0,0
s212bl11,21,dd4yx7q0,18,captcha_quiz_a,Transcribe,1642794120,7,0,0
s212bl11,22,7nycj2hw,30,captcha_quiz_a,Transcribe,1642794126,13,0,0
s212bl11,21,dd4yx7q0,20,captcha_quiz_a,Transcribe,1642794131,8,0,0
s212bl11,1,b5eh329j,84,exclusion,benef_9,1642794135,1,0,0
s212bl11,22,7nycj2hw,32,captcha_quiz_a,Transcribe,1642794135,14,0,0
s212bl11,1,b5eh329j,85,exclusion,wait_for_benef_9,1642794135,1,0,1
s212bl11,2,9cut4edv,85,exclusion,wait_for_benef_9,1642794135,1,0,1
s212bl11,3,sjelrbgh,85,exclusion,wait_for_benef_9,1642794135,1,0,1
s212bl11,4,vv8gyox1,85,exclusion,wait_for_benef_9,1642794135,1,0,1
s212bl11,21,dd4yx7q0,22,captcha_quiz_a,Transcribe,1642794143,9,0,0
s212bl11,22,7nycj2hw,34,captcha_quiz_a,Transcribe,1642794146,15,0,0
s212bl11,3,sjelrbgh,86,exclusion,benef_10,1642794147,1,0,0
s212bl11,1,b5eh329j,87,exclusion,wait_for_benef_10,1642794147,1,0,1
s212bl11,2,9cut4edv,87,exclusion,wait_for_benef_10,1642794147,1,0,1
s212bl11,3,sjelrbgh,87,exclusion,wait_for_benef_10,1642794147,1,0,1
s212bl11,4,vv8gyox1,87,exclusion,wait_for_benef_10,1642794147,1,0,1
s212bl11,22,7nycj2hw,36,captcha_quiz_a,Transcribe,1642794154,16,0,0
s212bl11,21,dd4yx7q0,24,captcha_quiz_a,Transcribe,1642794156,10,0,0
s212bl11,1,b5eh329j,88,exclusion,benef_11,1642794160,1,0,0
s212bl11,1,b5eh329j,89,exclusion,wait_for_benef_11,1642794160,1,0,1
s212bl11,2,9cut4edv,89,exclusion,wait_for_benef_11,1642794160,1,0,1
s212bl11,3,sjelrbgh,89,exclusion,wait_for_benef_11,1642794160,1,0,1
s212bl11,4,vv8gyox1,89,exclusion,wait_for_benef_11,1642794160,1,0,1
s212bl11,22,7nycj2hw,38,captcha_quiz_a,Transcribe,1642794160,17,0,0
s212bl11,23,l96wlf1z,65,captcha_quiz_a,Wait_for_timer,1642794169,30,1,0
s212bl11,3,sjelrbgh,90,exclusion,benef_12,1642794171,1,0,0
s212bl11,1,b5eh329j,91,exclusion,wait_for_benef_12,1642794171,1,0,1
s212bl11,2,9cut4edv,91,exclusion,wait_for_benef_12,1642794171,1,0,1
s212bl11,3,sjelrbgh,91,exclusion,wait_for_benef_12,1642794171,1,0,1
s212bl11,4,vv8gyox1,91,exclusion,wait_for_benef_12,1642794171,1,0,1
s212bl11,24,743intyb,65,captcha_quiz_a,Wait_for_timer,1642794173,30,1,0
s212bl11,22,7nycj2hw,40,captcha_quiz_a,Transcribe,1642794173,18,0,0
s212bl11,1,b5eh329j,92,exclusion,benef_13,1642794183,1,0,0
s212bl11,1,b5eh329j,93,exclusion,wait_for_benef_13,1642794183,1,0,1
s212bl11,2,9cut4edv,93,exclusion,wait_for_benef_13,1642794183,1,0,1
s212bl11,3,sjelrbgh,93,exclusion,wait_for_benef_13,1642794183,1,0,1
s212bl11,4,vv8gyox1,93,exclusion,wait_for_benef_13,1642794183,1,0,1
s212bl11,22,7nycj2hw,42,captcha_quiz_a,Transcribe,1642794184,19,0,0
s212bl11,3,sjelrbgh,94,exclusion,benef_14,1642794186,1,0,0
s212bl11,1,b5eh329j,95,exclusion,wait_for_benef_14,1642794186,1,0,1
s212bl11,2,9cut4edv,95,exclusion,wait_for_benef_14,1642794186,1,0,1
s212bl11,3,sjelrbgh,95,exclusion,wait_for_benef_14,1642794186,1,0,1
s212bl11,4,vv8gyox1,95,exclusion,wait_for_benef_14,1642794186,1,0,1
s212bl11,21,dd4yx7q0,26,captcha_quiz_a,Transcribe,1642794192,11,0,0
s212bl11,22,7nycj2hw,44,captcha_quiz_a,Transcribe,1642794192,20,0,0
s212bl11,1,b5eh329j,96,exclusion,benef_15,1642794202,1,0,0
s212bl11,1,b5eh329j,97,exclusion,wait_for_benef_15,1642794202,1,0,1
s212bl11,2,9cut4edv,97,exclusion,wait_for_benef_15,1642794202,1,0,1
s212bl11,3,sjelrbgh,97,exclusion,wait_for_benef_15,1642794202,1,0,1
s212bl11,4,vv8gyox1,97,exclusion,wait_for_benef_15,1642794202,1,0,1
s212bl11,22,7nycj2hw,46,captcha_quiz_a,Transcribe,1642794202,21,0,0
s212bl11,21,dd4yx7q0,28,captcha_quiz_a,Transcribe,1642794206,12,0,0
s212bl11,3,sjelrbgh,98,exclusion,benef_16,1642794213,1,0,0
s212bl11,1,b5eh329j,99,exclusion,wait_for_benef_16,1642794213,1,0,1
s212bl11,2,9cut4edv,99,exclusion,wait_for_benef_16,1642794213,1,0,1
s212bl11,3,sjelrbgh,99,exclusion,wait_for_benef_16,1642794213,1,0,1
s212bl11,4,vv8gyox1,99,exclusion,wait_for_benef_16,1642794213,1,0,1
s212bl11,22,7nycj2hw,48,captcha_quiz_a,Transcribe,1642794215,22,0,0
s212bl11,21,dd4yx7q0,30,captcha_quiz_a,Transcribe,1642794216,13,0,0
s212bl11,22,7nycj2hw,50,captcha_quiz_a,Transcribe,1642794217,23,1,0
s212bl11,1,b5eh329j,100,exclusion,benef_17,1642794225,1,0,0
s212bl11,1,b5eh329j,101,exclusion,wait_for_benef_17,1642794225,1,0,1
s212bl11,2,9cut4edv,101,exclusion,wait_for_benef_17,1642794225,1,0,1
s212bl11,3,sjelrbgh,101,exclusion,wait_for_benef_17,1642794225,1,0,1
s212bl11,4,vv8gyox1,101,exclusion,wait_for_benef_17,1642794225,1,0,1
s212bl11,3,sjelrbgh,102,exclusion,benef_18,1642794229,1,0,0
s212bl11,1,b5eh329j,103,exclusion,wait_for_benef_18,1642794230,1,0,1
s212bl11,2,9cut4edv,103,exclusion,wait_for_benef_18,1642794230,1,0,1
s212bl11,3,sjelrbgh,103,exclusion,wait_for_benef_18,1642794230,1,0,1
s212bl11,4,vv8gyox1,103,exclusion,wait_for_benef_18,1642794230,1,0,1
s212bl11,19,myp6fop1,1,start_1,MyPage,1642794232,1,0,0
s212bl11,21,dd4yx7q0,32,captcha_quiz_a,Transcribe,1642794233,14,0,0
s212bl11,1,b5eh329j,104,exclusion,benef_19,1642794243,1,0,0
s212bl11,1,b5eh329j,105,exclusion,wait_for_benef_19,1642794243,1,0,1
s212bl11,2,9cut4edv,105,exclusion,wait_for_benef_19,1642794243,1,0,1
s212bl11,3,sjelrbgh,105,exclusion,wait_for_benef_19,1642794243,1,0,1
s212bl11,4,vv8gyox1,105,exclusion,wait_for_benef_19,1642794243,1,0,1
s212bl11,21,dd4yx7q0,34,captcha_quiz_a,Transcribe,1642794245,15,0,0
s212bl11,21,dd4yx7q0,36,captcha_quiz_a,Transcribe,1642794257,16,1,0
s212bl11,21,dd4yx7q0,66,exclusion,Wait_start,1642794258,1,0,1
s212bl11,22,7nycj2hw,66,exclusion,Wait_start,1642794258,1,0,1
s212bl11,23,l96wlf1z,66,exclusion,Wait_start,1642794258,1,0,1
s212bl11,24,743intyb,66,exclusion,Wait_start,1642794258,1,0,1
s212bl11,24,743intyb,67,exclusion,Introduction,1642794297,1,0,0
s212bl11,23,l96wlf1z,67,exclusion,Introduction,1642794319,1,0,0
s212bl11,22,7nycj2hw,67,exclusion,Introduction,1642794325,1,0,0
s212bl11,21,dd4yx7q0,67,exclusion,Introduction,1642794342,1,0,0
s212bl11,22,7nycj2hw,68,exclusion,benef_start,1642794349,1,0,0
s212bl11,21,dd4yx7q0,69,exclusion,wait_for_benef_1,1642794349,1,0,1
s212bl11,22,7nycj2hw,69,exclusion,wait_for_benef_1,1642794349,1,0,1
s212bl11,23,l96wlf1z,69,exclusion,wait_for_benef_1,1642794349,1,0,1
s212bl11,24,743intyb,69,exclusion,wait_for_benef_1,1642794349,1,0,1
s212bl11,23,l96wlf1z,70,exclusion,benef_2,1642794357,1,0,0
s212bl11,21,dd4yx7q0,71,exclusion,wait_for_benef_2,1642794357,1,0,1
s212bl11,22,7nycj2hw,71,exclusion,wait_for_benef_2,1642794357,1,0,1
s212bl11,23,l96wlf1z,71,exclusion,wait_for_benef_2,1642794357,1,0,1
s212bl11,24,743intyb,71,exclusion,wait_for_benef_2,1642794357,1,0,1
s212bl11,21,dd4yx7q0,72,exclusion,benef_3,1642794394,1,0,0
s212bl11,21,dd4yx7q0,73,exclusion,wait_for_benef_3,1642794394,1,0,1
s212bl11,22,7nycj2hw,73,exclusion,wait_for_benef_3,1642794394,1,0,1
s212bl11,23,l96wlf1z,73,exclusion,wait_for_benef_3,1642794394,1,0,1
s212bl11,24,743intyb,73,exclusion,wait_for_benef_3,1642794394,1,0,1
s212bl11,23,l96wlf1z,74,exclusion,benef_4,1642794398,1,0,0
s212bl11,21,dd4yx7q0,75,exclusion,wait_for_benef_4,1642794398,1,0,1
s212bl11,22,7nycj2hw,75,exclusion,wait_for_benef_4,1642794398,1,0,1
s212bl11,23,l96wlf1z,75,exclusion,wait_for_benef_4,1642794398,1,0,1
s212bl11,24,743intyb,75,exclusion,wait_for_benef_4,1642794398,1,0,1
s212bl11,19,myp6fop1,2,start,GBAT,1642794415,1,0,1
s212bl11,21,dd4yx7q0,76,exclusion,benef_5,1642794422,1,0,0
s212bl11,21,dd4yx7q0,77,exclusion,wait_for_benef_5,1642794422,1,0,1
s212bl11,22,7nycj2hw,77,exclusion,wait_for_benef_5,1642794422,1,0,1
s212bl11,23,l96wlf1z,77,exclusion,wait_for_benef_5,1642794422,1,0,1
s212bl11,24,743intyb,77,exclusion,wait_for_benef_5,1642794422,1,0,1
s212bl11,23,l96wlf1z,78,exclusion,benef_6,1642794445,1,0,0
s212bl11,21,dd4yx7q0,79,exclusion,wait_for_benef_6,1642794445,1,0,1
s212bl11,22,7nycj2hw,79,exclusion,wait_for_benef_6,1642794445,1,0,1
s212bl11,23,l96wlf1z,79,exclusion,wait_for_benef_6,1642794445,1,0,1
s212bl11,24,743intyb,79,exclusion,wait_for_benef_6,1642794445,1,0,1
s212bl11,24,743intyb,80,exclusion,benef_7,1642794455,1,0,0
s212bl11,21,dd4yx7q0,81,exclusion,wait_for_benef_7,1642794455,1,0,1
s212bl11,22,7nycj2hw,81,exclusion,wait_for_benef_7,1642794455,1,0,1
s212bl11,23,l96wlf1z,81,exclusion,wait_for_benef_7,1642794455,1,0,1
s212bl11,24,743intyb,81,exclusion,wait_for_benef_7,1642794455,1,0,1
s212bl11,22,7nycj2hw,82,exclusion,benef_8,1642794474,1,0,0
s212bl11,21,dd4yx7q0,83,exclusion,wait_for_benef_8,1642794474,1,0,1
s212bl11,22,7nycj2hw,83,exclusion,wait_for_benef_8,1642794474,1,0,1
s212bl11,23,l96wlf1z,83,exclusion,wait_for_benef_8,1642794474,1,0,1
s212bl11,24,743intyb,83,exclusion,wait_for_benef_8,1642794474,1,0,1
s212bl11,24,743intyb,84,exclusion,benef_9,1642794478,1,0,0
s212bl11,21,dd4yx7q0,85,exclusion,wait_for_benef_9,1642794478,1,0,1
s212bl11,22,7nycj2hw,85,exclusion,wait_for_benef_9,1642794478,1,0,1
s212bl11,23,l96wlf1z,85,exclusion,wait_for_benef_9,1642794478,1,0,1
s212bl11,24,743intyb,85,exclusion,wait_for_benef_9,1642794478,1,0,1
s212bl11,21,dd4yx7q0,86,exclusion,benef_10,1642794508,1,0,0
s212bl11,21,dd4yx7q0,87,exclusion,wait_for_benef_10,1642794508,1,0,1
s212bl11,22,7nycj2hw,87,exclusion,wait_for_benef_10,1642794508,1,0,1
s212bl11,23,l96wlf1z,87,exclusion,wait_for_benef_10,1642794508,1,0,1
s212bl11,24,743intyb,87,exclusion,wait_for_benef_10,1642794508,1,0,1
s212bl11,24,743intyb,88,exclusion,benef_11,1642794511,1,0,0
s212bl11,21,dd4yx7q0,89,exclusion,wait_for_benef_11,1642794512,1,0,1
s212bl11,22,7nycj2hw,89,exclusion,wait_for_benef_11,1642794512,1,0,1
s212bl11,23,l96wlf1z,89,exclusion,wait_for_benef_11,1642794512,1,0,1
s212bl11,24,743intyb,89,exclusion,wait_for_benef_11,1642794512,1,0,1
s212bl11,3,sjelrbgh,106,exclusion,benef_20,1642794520,1,0,0
s212bl11,1,b5eh329j,107,exclusion,wait_for_benef_20,1642794520,1,0,1
s212bl11,2,9cut4edv,107,exclusion,wait_for_benef_20,1642794520,1,0,1
s212bl11,3,sjelrbgh,107,exclusion,wait_for_benef_20,1642794520,1,0,1
s212bl11,4,vv8gyox1,107,exclusion,wait_for_benef_20,1642794520,1,0,1
s212bl11,22,7nycj2hw,90,exclusion,benef_12,1642794522,1,0,0
s212bl11,21,dd4yx7q0,91,exclusion,wait_for_benef_12,1642794522,1,0,1
s212bl11,22,7nycj2hw,91,exclusion,wait_for_benef_12,1642794522,1,0,1
s212bl11,23,l96wlf1z,91,exclusion,wait_for_benef_12,1642794522,1,0,1
s212bl11,24,743intyb,91,exclusion,wait_for_benef_12,1642794522,1,0,1
s212bl11,24,743intyb,92,exclusion,benef_13,1642794525,1,0,0
s212bl11,21,dd4yx7q0,93,exclusion,wait_for_benef_13,1642794525,1,0,1
s212bl11,22,7nycj2hw,93,exclusion,wait_for_benef_13,1642794525,1,0,1
s212bl11,23,l96wlf1z,93,exclusion,wait_for_benef_13,1642794525,1,0,1
s212bl11,24,743intyb,93,exclusion,wait_for_benef_13,1642794525,1,0,1
s212bl11,1,b5eh329j,108,exclusion,ResultsWaitPage,1642794534,1,0,1
s212bl11,2,9cut4edv,108,exclusion,ResultsWaitPage,1642794534,1,0,1
s212bl11,3,sjelrbgh,108,exclusion,ResultsWaitPage,1642794534,1,0,1
s212bl11,4,vv8gyox1,108,exclusion,ResultsWaitPage,1642794534,1,0,1
s212bl11,1,b5eh329j,109,exclusion,Results,1642794540,1,0,0
s212bl11,2,9cut4edv,109,exclusion,Results,1642794546,1,0,0
s212bl11,3,sjelrbgh,109,exclusion,Results,1642794550,1,0,0
s212bl11,21,dd4yx7q0,94,exclusion,benef_14,1642794552,1,0,0
s212bl11,21,dd4yx7q0,95,exclusion,wait_for_benef_14,1642794552,1,0,1
s212bl11,22,7nycj2hw,95,exclusion,wait_for_benef_14,1642794552,1,0,1
s212bl11,23,l96wlf1z,95,exclusion,wait_for_benef_14,1642794552,1,0,1
s212bl11,24,743intyb,95,exclusion,wait_for_benef_14,1642794552,1,0,1
s212bl11,22,7nycj2hw,96,exclusion,benef_15,1642794565,1,0,0
s212bl11,21,dd4yx7q0,97,exclusion,wait_for_benef_15,1642794565,1,0,1
s212bl11,22,7nycj2hw,97,exclusion,wait_for_benef_15,1642794565,1,0,1
s212bl11,23,l96wlf1z,97,exclusion,wait_for_benef_15,1642794565,1,0,1
s212bl11,24,743intyb,97,exclusion,wait_for_benef_15,1642794565,1,0,1
s212bl11,24,743intyb,98,exclusion,benef_16,1642794568,1,0,0
s212bl11,21,dd4yx7q0,99,exclusion,wait_for_benef_16,1642794568,1,0,1
s212bl11,22,7nycj2hw,99,exclusion,wait_for_benef_16,1642794568,1,0,1
s212bl11,23,l96wlf1z,99,exclusion,wait_for_benef_16,1642794568,1,0,1
s212bl11,24,743intyb,99,exclusion,wait_for_benef_16,1642794568,1,0,1
s212bl11,23,l96wlf1z,100,exclusion,benef_17,1642794581,1,0,0
s212bl11,21,dd4yx7q0,101,exclusion,wait_for_benef_17,1642794581,1,0,1
s212bl11,22,7nycj2hw,101,exclusion,wait_for_benef_17,1642794581,1,0,1
s212bl11,23,l96wlf1z,101,exclusion,wait_for_benef_17,1642794581,1,0,1
s212bl11,24,743intyb,101,exclusion,wait_for_benef_17,1642794581,1,0,1
s212bl11,21,dd4yx7q0,102,exclusion,benef_18,1642794597,1,0,0
s212bl11,21,dd4yx7q0,103,exclusion,wait_for_benef_18,1642794598,1,0,1
s212bl11,22,7nycj2hw,103,exclusion,wait_for_benef_18,1642794598,1,0,1
s212bl11,23,l96wlf1z,103,exclusion,wait_for_benef_18,1642794598,1,0,1
s212bl11,24,743intyb,103,exclusion,wait_for_benef_18,1642794598,1,0,1
s212bl11,23,l96wlf1z,104,exclusion,benef_19,1642794601,1,0,0
s212bl11,21,dd4yx7q0,105,exclusion,wait_for_benef_19,1642794601,1,0,1
s212bl11,22,7nycj2hw,105,exclusion,wait_for_benef_19,1642794601,1,0,1
s212bl11,23,l96wlf1z,105,exclusion,wait_for_benef_19,1642794601,1,0,1
s212bl11,24,743intyb,105,exclusion,wait_for_benef_19,1642794601,1,0,1
s212bl11,2,9cut4edv,110,exclusion,survey,1642794606,1,0,0
s212bl11,1,b5eh329j,110,exclusion,survey,1642794608,1,0,0
s212bl11,3,sjelrbgh,110,exclusion,survey,1642794614,1,0,0
s212bl11,21,dd4yx7q0,106,exclusion,benef_20,1642794618,1,0,0
s212bl11,21,dd4yx7q0,107,exclusion,wait_for_benef_20,1642794618,1,0,1
s212bl11,22,7nycj2hw,107,exclusion,wait_for_benef_20,1642794618,1,0,1
s212bl11,23,l96wlf1z,107,exclusion,wait_for_benef_20,1642794618,1,0,1
s212bl11,24,743intyb,107,exclusion,wait_for_benef_20,1642794618,1,0,1
s212bl11,21,dd4yx7q0,108,exclusion,ResultsWaitPage,1642794618,1,0,1
s212bl11,22,7nycj2hw,108,exclusion,ResultsWaitPage,1642794618,1,0,1
s212bl11,23,l96wlf1z,108,exclusion,ResultsWaitPage,1642794618,1,0,1
s212bl11,24,743intyb,108,exclusion,ResultsWaitPage,1642794618,1,0,1
s212bl11,24,743intyb,109,exclusion,Results,1642794626,1,0,0
s212bl11,22,7nycj2hw,109,exclusion,Results,1642794629,1,0,0
s212bl11,23,l96wlf1z,109,exclusion,Results,1642794630,1,0,0
s212bl11,21,dd4yx7q0,109,exclusion,Results,1642794633,1,0,0
s212bl11,3,sjelrbgh,111,dictator,Introduction,1642794637,1,0,0
s212bl11,2,9cut4edv,111,dictator,Introduction,1642794644,1,0,0
s212bl11,3,sjelrbgh,113,dictator,offer_proxy,1642794647,1,0,0
s212bl11,2,9cut4edv,113,dictator,offer_proxy,1642794649,1,0,0
s212bl11,1,b5eh329j,111,dictator,Introduction,1642794657,1,0,0
s212bl11,24,743intyb,110,exclusion,survey,1642794667,1,0,0
s212bl11,1,b5eh329j,112,dictator,Offer,1642794668,1,0,0
s212bl11,1,b5eh329j,114,dictator,Wait_start,1642794668,1,0,1
s212bl11,2,9cut4edv,114,dictator,Wait_start,1642794668,1,0,1
s212bl11,2,9cut4edv,115,dictator,Results,1642794686,1,0,0
s212bl11,23,l96wlf1z,110,exclusion,survey,1642794689,1,0,0
s212bl11,24,743intyb,111,dictator,Introduction,1642794689,1,0,0
s212bl11,1,b5eh329j,115,dictator,Results,1642794690,1,0,0
s212bl11,24,743intyb,112,dictator,Offer,1642794695,1,0,0
s212bl11,22,7nycj2hw,110,exclusion,survey,1642794719,1,0,0
s212bl11,23,l96wlf1z,111,dictator,Introduction,1642794722,1,0,0
s212bl11,23,l96wlf1z,112,dictator,Offer,1642794728,1,0,0
s212bl11,21,dd4yx7q0,110,exclusion,survey,1642794731,1,0,0
s212bl11,22,7nycj2hw,111,dictator,Introduction,1642794758,1,0,0
s212bl11,22,7nycj2hw,112,dictator,Offer,1642794770,1,0,0
s212bl11,13,09chmwa2,114,dictator,Wait_start,1642794770,1,0,1
s212bl11,22,7nycj2hw,114,dictator,Wait_start,1642794770,1,0,1
s212bl11,20,4v8cx28p,2,start,GBAT,1642794787,1,0,1
s212bl11,22,7nycj2hw,115,dictator,Results,1642794788,1,0,0
s212bl11,21,dd4yx7q0,111,dictator,Introduction,1642794800,1,0,0
s212bl11,21,dd4yx7q0,113,dictator,offer_proxy,1642794812,1,0,0
